{"stats":{"minecraft:custom":{"lootr:looted_stat":68,"minecraft:interact_with_crafting_table":44,"minecraft:leave_game":19,"minecraft:time_since_death":17286,"minecraft:damage_resisted":53,"minecraft:sprint_one_cm":375816,"minecraft:damage_blocked_by_shield":1199,"minecraft:drop":203,"minecraft:play_noteblock":6,"minecraft:play_time":483577,"minecraft:deaths":32,"minecraft:jump":2376,"minecraft:walk_on_water_one_cm":21174,"minecraft:interact_with_furnace":4,"minecraft:sleep_in_bed":7,"minecraft:damage_dealt":19979,"minecraft:player_kills":2,"minecraft:crouch_one_cm":59240,"minecraft:interact_with_smoker":16,"minecraft:mob_kills":119,"minecraft:damage_dealt_resisted":75,"minecraft:climb_one_cm":7057,"minecraft:walk_one_cm":1018873,"minecraft:sneak_time":27494,"minecraft:walk_under_water_one_cm":4270,"minecraft:interact_with_blast_furnace":1,"minecraft:total_world_time":483577,"minecraft:tune_noteblock":42,"minecraft:time_since_rest":16643,"minecraft:damage_taken":10947,"minecraft:swim_one_cm":4337,"minecraft:fly_one_cm":504251,"minecraft:open_chest":206,"minecraft:fall_one_cm":74372},"minecraft:crafted":{"minecraft:oak_planks":236,"minecraft:oak_sign":6,"minecraft:stone":1,"minecraft:lever":1,"minecraft:cooked_mutton":4,"infectious:baseball_bat":5,"minecraft:bow":1,"zombiesmore:rotten_flesh_block":1,"minecraft:crafting_table":4,"minecraft:wooden_pickaxe":1,"minecraft:baked_potato":7,"minecraft:birch_planks":28,"minecraft:stick":28,"quark:oak_chest":15,"minecraft:iron_ingot":12,"minecraft:iron_pickaxe":1,"minecraft:iron_block":1,"minecraft:stone_sword":3,"pointblank:guninternals":1,"minecraft:nether_brick_slab":6,"minecraft:coal":9,"minecraft:stone_shovel":2,"minecraft:light_gray_stained_glass":1,"minecraft:bone_meal":3,"minecraft:oak_trapdoor":2,"quark:cobblestone_bricks":16,"minecraft:stone_pickaxe":1,"cfm:stripped_oak_coffee_table":4,"quark:spruce_chest":1,"minecraft:wheat":45,"minecraft:cooked_beef":6,"pointblank:gunmetal_ingot":5,"minecraft:iron_sword":1,"minecraft:stone_axe":2,"minecraft:air":0,"minecraft:bread":15,"minecraft:iron_shovel":3,"minecraft:torch":40,"minecraft:nether_brick_stairs":40},"minecraft:used":{"minecraft:beetroot":2,"quark:ancient_tome":2,"minecraft:iron_shovel":1071,"infectious:glitched_rotten_flesh":1,"minecraft:oak_sign":6,"minecraft:shield":14,"minecraft:stone":1,"minecraft:iron_sword":334,"minecraft:rotten_flesh":10,"minecraft:waxed_weathered_cut_copper_stairs":1,"minecraft:green_terracotta":6,"minecraft:soul_sand":1,"minecraft:mutton":3,"minecraft:nether_bricks":18,"minecraft:carrot":23,"infectious:steroids":1,"alexsmobs:lobster_tail":1,"minecraft:birch_sapling":1,"minecraft:stone_brick_stairs":1,"minecraft:stone_bricks":30,"minecraft:magma_block":4,"minecraft:bow":16,"minecraft:sweet_berries":52,"minecraft:oak_sapling":16,"ars_nouveau:sourceberry_bush":13,"minecraft:skeleton_skull":2,"minecraft:egg":17,"minecraft:potato":11,"minecraft:dark_oak_stairs":1,"minecraft:stone_pickaxe":102,"minecraft:oak_planks":56,"minecraft:wooden_pickaxe":2,"minecraft:blue_bed":2,"minecraft:golden_apple":1,"minecraft:blast_furnace":1,"minecraft:stone_brick_wall":1,"minecraft:lever":1,"cfm:stripped_oak_coffee_table":5,"minecraft:bread":12,"infectious:baseball_bat":71,"minecraft:polished_andesite_slab":1,"minecraft:coal_block":1,"minecraft:andesite":1,"minecraft:birch_log":7,"minecraft:bone_meal":3,"minecraft:cobweb":6,"minecraft:oak_trapdoor":1,"minecraft:tropical_fish":2,"minecraft:iron_bars":4,"minecraft:stone_sword":271,"minecraft:flint_and_steel":18,"minecraft:stone_shovel":121,"minecraft:spruce_planks":12,"easy_hammers:stone_hammer":42,"minecraft:netherrack":12,"minecraft:stick":6,"minecraft:torch":70,"minecraft:dirt":1136,"minecraft:nether_brick_stairs":45,"minecraft:polished_diorite":7,"alexsmobs:maggot":1,"minecraft:light_gray_stained_glass":1,"quark:spruce_chest":1,"minecraft:iron_axe":12,"zombiesmore:rotten_flesh_block":1,"minecraft:iron_boots":1,"minecraft:beef":5,"infectious:maggot":17,"minecraft:cooked_beef":4,"minecraft:cooked_mutton":5,"minecraft:water_bucket":24,"minecraft:birch_planks":2,"quark:cobblestone_bricks":7,"minecraft:polished_andesite":2,"minecraft:baked_potato":12,"minecraft:leather_boots":2,"minecraft:cracked_stone_bricks":32,"minecraft:mossy_cobblestone":2,"minecraft:tnt":2,"minecraft:crafting_table":6,"minecraft:oak_log":5,"minecraft:piston":1,"minecraft:diamond_pickaxe":37,"minecraft:apple":3,"infectious:rotten_brain":2,"minecraft:iron_pickaxe":168,"minecraft:leather_helmet":1,"minecraft:stone_axe":99,"minecraft:chiseled_stone_bricks":1,"minecraft:potion":4,"minecraft:cobblestone":144,"minecraft:bucket":25,"quark:oak_chest":22},"minecraft:dropped":{"minecraft:soul_sand":1,"minecraft:porkchop":17,"minecraft:dark_oak_stairs":2,"minecraft:cooked_beef":2,"minecraft:glass_bottle":4,"minecraft:diamond":3,"minecraft:crafting_table":1,"minecraft:cracked_stone_bricks":1,"infectious:music_disc_zombified":1,"minecraft:leather_helmet":1,"minecraft:dirt":2,"gravestone:obituary":12,"minecraft:iron_pickaxe":1,"infectious:glitched_rotten_flesh":1,"minecraft:bone":1,"minecraft:iron_nugget":4,"minecraft:cobbled_deepslate":1,"alexsmobs:animal_dictionary":1,"minecraft:wheat":2,"minecraft:obsidian":8,"minecraft:beetroot":1,"minecraft:rotten_flesh":49,"easy_hammers:stone_hammer":1,"minecraft:oak_planks":1,"minecraft:cooked_mutton":2,"minecraft:azure_bluet":2,"supplementaries:antique_ink":2,"minecraft:poppy":1,"supplementaries:ash":8,"minecraft:gunpowder":1,"minecraft:leather_boots":2,"comforts:sleeping_bag_white":3,"minecraft:iron_bars":3,"minecraft:water_bucket":1,"minecraft:bread":4,"infectious:rotten_brain":6,"minecraft:wheat_seeds":16,"minecraft:lilac":2,"minecraft:feather":1,"minecraft:iron_helmet":1,"minecraft:cobblestone":123,"infectious:maggot":12,"minecraft:apple":4,"minecraft:golden_apple":1,"minecraft:coal_block":1,"minecraft:stick":1,"minecraft:polished_andesite":42,"ars_nouveau:worn_notebook":1,"minecraft:torch":20,"pointblank:guninternals":1,"minecraft:potion":3,"tacz:modern_kinetic_gun":5,"minecraft:chainmail_leggings":2,"create:raw_zinc":2,"minecraft:dandelion":7,"minecraft:waxed_weathered_cut_copper_stairs":2,"minecraft:nether_brick_slab":6,"minecraft:cocoa_beans":4,"minecraft:raw_copper":1,"infectious:baseball_bat":3,"minecraft:white_carpet":2,"minecraft:pumpkin_seeds":3,"pointblank:gunmetal_nugget":60,"minecraft:potato":2,"minecraft:shield":1,"minecraft:diamond_chestplate":1,"minecraft:spruce_planks":9,"cfm:stripped_oak_coffee_table":3,"minecraft:diamond_pickaxe":1,"minecraft:oak_boat":1,"minecraft:stone_bricks":1,"minecraft:spider_eye":4,"tacz:ammo":30,"minecraft:slime_ball":1,"sophisticatedbackpacks:copper_backpack":1,"minecraft:wooden_pickaxe":1,"minecraft:magma_block":8,"ars_nouveau:warp_scroll":1},"minecraft:picked_up":{"minecraft:iron_chestplate":1,"minecraft:wheat":6,"minecraft:redstone_block":1,"minecraft:lead":6,"minecraft:oak_stairs":2,"minecraft:potion":5,"minecraft:enchanted_book":7,"minecraft:stone_brick_stairs":1,"minecraft:polished_deepslate":12,"minecraft:string":23,"minecraft:raw_copper":1,"minecraft:iron_leggings":2,"minecraft:oak_sign":1,"minecraft:beetroot":10,"minecraft:gold_nugget":1,"minecraft:cobbled_deepslate":3,"minecraft:bucket":1,"comforts:sleeping_bag_white":3,"minecraft:spruce_planks":38,"minecraft:calcite":7,"minecraft:iron_pickaxe":9,"infectious:baseball_bat":2,"minecraft:coal_block":8,"minecraft:iron_boots":3,"pointblank:gunmetal_ingot":2,"minecraft:stick":49,"minecraft:torch":115,"minecraft:porkchop":17,"minecraft:diorite":2,"minecraft:green_terracotta":6,"quark:ancient_tome":3,"minecraft:andesite_wall":2,"minecraft:stone_sword":5,"minecraft:rotten_flesh":186,"zombiesmore:flammable_bone":4,"minecraft:tropical_fish":2,"supplementaries:antique_ink":2,"infectious:rotten_brain":11,"create:asurine":9,"ars_nouveau:sourceberry_bush":17,"supplementaries:ash":33,"minecraft:obsidian":8,"minecraft:iron_bars":10,"minecraft:cod":3,"alexsmobs:lobster_tail":1,"minecraft:cobblestone":571,"minecraft:birch_log":13,"minecraft:magma_block":37,"minecraft:leather_chestplate":4,"minecraft:cooked_beef":2,"minecraft:feather":1,"minecraft:lilac":2,"minecraft:water_bucket":3,"minecraft:andesite":11,"minecraft:potato":19,"alexsmobs:bison_fur":6,"minecraft:flint":26,"create:raw_zinc":6,"minecraft:dirt":1775,"zombie_island:chemicals":1,"minecraft:name_tag":3,"minecraft:leather_boots":4,"cfm:stripped_oak_coffee_table":7,"minecraft:bone":26,"minecraft:bow":1,"minecraft:wheat_seeds":95,"minecraft:oak_planks":40,"infectious:maggot":52,"minecraft:music_disc_13":3,"minecraft:nether_brick_stairs":8,"minecraft:mossy_cobblestone":6,"infectious:music_disc_zombified":1,"minecraft:iron_hoe":1,"minecraft:polished_andesite":48,"minecraft:diamond":6,"minecraft:granite":3,"minecraft:golden_apple":5,"minecraft:emerald":25,"minecraft:bread":14,"alexsmobs:maggot":1,"minecraft:oak_sapling":16,"minecraft:netherrack":12,"minecraft:diamond_pickaxe":2,"infectious:steroids":1,"minecraft:cocoa_beans":11,"minecraft:charcoal":27,"minecraft:crafting_table":4,"minecraft:azure_bluet":4,"minecraft:wooden_pickaxe":1,"ars_nouveau:warp_scroll":2,"minecraft:stone_brick_wall":1,"minecraft:diamond_horse_armor":2,"gravestone:obituary":4,"minecraft:brick":8,"minecraft:shield":11,"minecraft:iron_axe":3,"minecraft:flint_and_steel":2,"minecraft:compass":3,"tacz:ammo":130,"minecraft:white_carpet":3,"minecraft:iron_shovel":9,"minecraft:cracked_stone_bricks":34,"minecraft:candle":4,"minecraft:beef":11,"minecraft:andesite_stairs":1,"easy_hammers:stone_hammer":7,"minecraft:oak_boat":1,"minecraft:iron_nugget":11,"minecraft:poppy":3,"minecraft:birch_sapling":1,"minecraft:piston":1,"minecraft:phantom_membrane":8,"minecraft:egg":29,"minecraft:copper_ingot":3,"pointblank:gunmetal_nugget":217,"minecraft:quartz_pillar":2,"minecraft:carrot":19,"infectious:intestine":19,"minecraft:redstone":7,"minecraft:arrow":33,"minecraft:stone_shovel":2,"minecraft:beetroot_seeds":4,"minecraft:nether_bricks":11,"infectious:glitched_rotten_flesh":2,"minecraft:hay_block":5,"minecraft:gold_ingot":24,"sophisticatedbackpacks:copper_backpack":3,"zombiesmore:dynamite":1,"minecraft:mutton":3,"minecraft:skeleton_skull":1,"minecraft:stripped_oak_log":3,"minecraft:clock":3,"minecraft:leather":3,"minecraft:birch_planks":18,"minecraft:oak_log":68,"minecraft:gunpowder":31,"minecraft:blue_bed":2,"minecraft:cooked_mutton":7,"minecraft:apple":4,"minecraft:stone_bricks":33,"minecraft:iron_ingot":33,"minecraft:stone_pickaxe":6,"minecraft:waxed_weathered_cut_copper_stairs":3,"minecraft:cobweb":3,"minecraft:glass_bottle":6,"minecraft:polished_andesite_slab":2,"minecraft:iron_sword":3,"minecraft:soul_sand":5,"minecraft:dark_oak_stairs":3,"minecraft:book":75,"quark:light_gray_shard":4,"minecraft:sweet_berries":51,"minecraft:chiseled_stone_bricks":1,"minecraft:dandelion":14,"minecraft:blast_furnace":1,"quark:oak_chest":7,"minecraft:spider_eye":14,"minecraft:leather_helmet":2,"quark:cobblestone_bricks":18,"minecraft:pumpkin_seeds":11,"minecraft:slime_ball":23,"minecraft:polished_diorite":7,"minecraft:stone_axe":4,"tacz:modern_kinetic_gun":10,"minecraft:chainmail_leggings":4,"minecraft:iron_helmet":1,"minecraft:baked_potato":6,"minecraft:coal":46,"minecraft:ender_pearl":3},"minecraft:killed_by":{"minecraft:creeper":4,"hordes:drowned_player":1,"infectious:bucket_zombie":1,"minecraft:zombie":7,"minecraft:player":7,"infectious:chained_zombie":1,"hordes:zombie_player":1,"alexsmobs:bison":2,"minecraft:skeleton":1,"infectious:headless_zombie":1},"minecraft:broken":{"minecraft:iron_shovel":2,"minecraft:iron_boots":1,"minecraft:stone_pickaxe":1,"minecraft:leather_chestplate":1},"minecraft:killed":{"alexsmobs:lobster":1,"infectious:zombie":15,"infectious:zombie_fisherman":1,"infectious:zombie_head":3,"minecraft:spider":1,"zombie_island:incendiary_walker":1,"minecraft:skeleton":3,"infectious:screamer":1,"zombie_island:firefighter_walker":2,"infectious:zombie_runner":1,"infectious:tower_zombie":1,"infectious:headless_zombie":2,"infectious:psycho_zombie":1,"infectious:glitched_zombie":1,"infectious:brain_zombie":1,"minecraft:creeper":2,"minecraft:zombie":45,"infectious:zombie_girl":2,"alexsmobs:fly":1,"infectious:old_zombie":2,"infectious:burning_zombie":1,"hordes:zombie_player":6,"infectious:tower_zombie_1":1,"infectious:zombie_screamer":2,"alexsmobs:bison":1,"infectious:zombie_farmer":1,"infectious:infectious_zombie":4,"minecraft:husk":1,"infectious:zombie_lumberjack":1,"zombiesmore:explosive_zombie":1,"infectious:armless_zombie":3,"zombie_island:shambler_2":1},"minecraft:mined":{"minecraft:andesite_stairs":1,"minecraft:cobblestone_stairs":1,"minecraft:obsidian":9,"minecraft:granite":1,"minecraft:grass_block":837,"minecraft:stone_brick_wall":3,"minecraft:coal_block":1,"minecraft:polished_diorite":7,"ars_nouveau:sourceberry_bush":6,"minecraft:chiseled_stone_bricks":1,"minecraft:spawner":9,"minecraft:magma_block":17,"minecraft:fire":1,"minecraft:moss_carpet":1,"minecraft:azure_bluet":1,"minecraft:nether_brick_stairs":6,"minecraft:dark_oak_stairs":2,"create:asurine":3,"supplementaries:stick":6,"minecraft:dirt_path":2,"minecraft:oak_stairs":1,"minecraft:iron_bars":8,"supplementaries:book_pile":2,"minecraft:torch":1,"minecraft:blast_furnace":1,"minecraft:calcite":3,"minecraft:poppy":2,"cfm:stripped_oak_coffee_table":8,"minecraft:cobblestone":12,"minecraft:oak_planks":4,"minecraft:wall_torch":5,"minecraft:skeleton_skull":1,"minecraft:light_gray_stained_glass":1,"minecraft:birch_log":13,"minecraft:lilac":1,"minecraft:stone_brick_stairs":1,"minecraft:grass":175,"minecraft:oak_log":66,"minecraft:dirt":403,"minecraft:netherrack":28,"minecraft:oak_leaves":7,"minecraft:deepslate":1,"create:zinc_ore":2,"minecraft:mossy_cobblestone":5,"minecraft:dark_oak_leaves":4,"minecraft:candle":1,"gravestone:gravestone":20,"minecraft:ladder":1,"minecraft:nether_bricks":6,"minecraft:decorated_pot":3,"minecraft:polished_andesite_slab":2,"minecraft:large_fern":10,"minecraft:hay_block":5,"minecraft:green_terracotta":6,"minecraft:andesite":6,"minecraft:polished_deepslate":6,"minecraft:bookshelf":6,"minecraft:stripped_oak_log":3,"minecraft:stone":81,"minecraft:waxed_weathered_cut_copper_stairs":2,"minecraft:redstone_block":1,"minecraft:soul_sand":2,"quark:oak_chest":7,"minecraft:dandelion":6,"minecraft:crafting_table":1,"minecraft:andesite_wall":1,"minecraft:tall_grass":29,"minecraft:diorite":1,"minecraft:blue_bed":2,"supplementaries:urn":1,"minecraft:sweet_berry_bush":14,"minecraft:birch_leaves":1,"minecraft:quartz_pillar":1,"minecraft:coal_ore":8,"minecraft:cobweb":4,"minecraft:cracked_stone_bricks":34,"minecraft:polished_andesite":6,"minecraft:stone_bricks":32,"minecraft:fern":8}},"DataVersion":3465}