{"stats":{"minecraft:crafted":{"minecraft:oak_planks":268,"minecraft:crafting_table":1,"minecraft:stick":8,"minecraft:stone_pickaxe":1,"minecraft:campfire":1,"minecraft:torch":12,"minecraft:stone_axe":1},"minecraft:picked_up":{"minecraft:stick":3,"minecraft:torch":2,"minecraft:oak_log":58,"minecraft:oak_wood":11,"minecraft:raw_copper":1,"minecraft:dirt":3,"evilcraft:poison_sac":1,"minecraft:arrow":2,"minecraft:bone":2,"minecraft:rotten_flesh":12,"minecraft:apple":1,"minecraft:wheat_seeds":4,"apocalypsenow:human_flesh":2,"minecraft:rabbit_hide":1,"minecraft:stripped_oak_wood":1,"antlers:jerkey":1,"minecraft:bamboo":40,"minecraft:oak_sapling":7,"minecraft:sugar_cane":2,"minecraft:oak_planks":7,"minecraft:coal":23,"minecraft:cobblestone":19},"minecraft:used":{"antlers:jerkey":1,"minecraft:apple":1,"minecraft:stone_pickaxe":21,"minecraft:oak_planks":135,"minecraft:stone_axe":95,"minecraft:torch":8,"minecraft:cobblestone":34,"minecraft:crafting_table":1,"minecraft:campfire":1},"minecraft:custom":{"minecraft:time_since_rest":31661,"minecraft:interact_with_furnace":1,"minecraft:sprint_one_cm":42638,"minecraft:damage_taken":1724,"minecraft:walk_one_cm":80074,"minecraft:mob_kills":13,"minecraft:damage_dealt":4868,"minecraft:interact_with_campfire":1,"minecraft:interact_with_crafting_table":2,"minecraft:swim_one_cm":19328,"minecraft:fly_one_cm":102949,"minecraft:open_barrel":18,"minecraft:open_chest":6,"minecraft:crouch_one_cm":21385,"minecraft:play_time":64420,"minecraft:deaths":5,"minecraft:sneak_time":18386,"minecraft:walk_under_water_one_cm":14440,"minecraft:jump":357,"minecraft:time_since_death":29070,"minecraft:walk_on_water_one_cm":15238,"minecraft:leave_game":9,"minecraft:climb_one_cm":504,"minecraft:total_world_time":64420,"minecraft:fall_one_cm":6454},"minecraft:mined":{"minecraft:torch":1,"minecraft:stripped_oak_wood":1,"minecraft:oak_wood":11,"minecraft:grass":2,"minecraft:coal_ore":1,"minecraft:grass_block":3,"minecraft:oak_log":58,"minecraft:dirt":2,"minecraft:cobblestone":15,"gnumus:fragile_gnumus_jug":3,"minecraft:bamboo":4,"minecraft:stone":4,"minecraft:oak_planks":7,"minecraft:oak_leaves":4},"minecraft:killed":{"antlers:wendigomad":2,"apocalypsenow:runner_41":2,"apocalypsenow:runner_53":2,"apocalypsenow:runner_40":2,"apocalypsenow:runner_43":2,"apocalypsenow:runner_45":4,"apocalypsenow:runner_37":2,"apocalypsenow:runner_49":2,"apocalypsenow:runner_34":4,"apocalypsenow:runner_35":4},"minecraft:killed_by":{"antlers:wendigo":1}},"DataVersion":3465}