{"stat.chestOpened":5,"stat.pickup.minecraft.gravel":77,"stat.leaveGame":1,"stat.pickup.minecraft.iron_sword":1,"stat.pickup.minecraft.flint":12,"stat.craftItem.minecraft.coal":14,"stat.craftItem.notreepunching.grass_string":10,"stat.swimOneCm":6530,"stat.jump":725,"stat.pickup.minecraft.coal":1,"stat.fallOneCm":21066,"stat.useItem.minecraft.planks":3,"stat.useItem.notreepunching.axe/flint":14,"stat.crouchOneCm":4145,"stat.pickup.minecraft.dirt":35,"stat.useItem.minecraft.dirt":4,"stat.useItem.minecraft.stone_slab2":54,"stat.craftingTableInteraction":13,"stat.craftItem.minecraft.furnace":2,"roc.kill":1,"stat.craftItem.minecraft.stone_axe":1,"stat.damageTaken":1325,"stat.pickup.notreepunching.rock/stone":166,"stat.craftItem.minecraft.stone_pickaxe":2,"stat.mineBlock.minecraft.furnace":1,"stat.pickup.minecraft.planks":28,"stat.flyOneCm":183828,"stat.pickup.minecraft.wheat_seeds":5,"stat.pickup.iceandfire.ash":1,"stat.useItem.notreepunching.pickaxe/flint":36,"stat.drop.minecraft.wheat_seeds":2,"stat.mineBlock.minecraft.gravel":89,"stat.useItem.minecraft.stone_pickaxe":23,"stat.craftItem.notreepunching.pickaxe/flint":2,"stat.damageDealt":172,"stat.timeSinceDeath":26616,"stat.mineBlock.minecraft.dirt":39,"stat.pickup.minecraft.mutton":4,"stat.walkOneCm":84252,"stat.pickup.minecraft.stick":30,"stat.useItem.notreepunching.knife/flint":53,"stat.useItem.minecraft.log":16,"stat.pickup.minecraft.crafting_table":3,"stat.craftItem.minecraft.crafting_table":2,"stat.furnaceInteraction":8,"stat.useItem.minecraft.gravel":28,"stat.mineBlock.minecraft.double_plant":6,"stat.mineBlock.minecraft.coal_ore":1,"stat.pickup.minecraft.log":34,"stat.pickup.notreepunching.grass_fiber":33,"stat.pickup.minecraft.furnace":1,"stat.craftItem.realistictorches.torch_unlit":4,"stat.craftItem.minecraft.stone_slab2":0,"stat.sprintOneCm":90551,"stat.useItem.rustic.wildberries":5,"stat.pickup.notreepunching.flint_shard":24,"stat.mineBlock.minecraft.crafting_table":3,"stat.waystones:waystonesActivated":1,"stat.mobKills":1,"stat.pickup.dynamictrees.oakseed":1,"stat.mineBlock.minecraft.log":1,"stat.useItem.carryon.entity_item":1,"stat.deaths":6,"stat.craftItem.notreepunching.axe/flint":2,"stat.drop":2,"stat.playOneMinute":61834,"stat.sneakTime":1809,"stat.pickup.minecraft.wool":2,"stat.craftItem.notreepunching.knife/flint":2,"stat.mineBlock.minecraft.stone":57,"stat.craftItem.minecraft.cobblestone":35,"stat.mineBlock.minecraft.tallgrass":56,"stat.craftItem.minecraft.cooked_mutton":4,"stat.diveOneCm":12328}