{"stats":{"minecraft:custom":{"lootr:looted_stat":90,"minecraft:interact_with_crafting_table":68,"minecraft:leave_game":15,"minecraft:time_since_death":49839,"minecraft:sprint_one_cm":702565,"minecraft:drop":175,"minecraft:play_noteblock":44,"minecraft:talked_to_villager":9,"minecraft:play_time":636378,"minecraft:deaths":23,"minecraft:jump":5773,"minecraft:walk_on_water_one_cm":12626,"minecraft:interact_with_furnace":11,"minecraft:sleep_in_bed":32,"minecraft:damage_dealt":41570,"minecraft:player_kills":7,"minecraft:crouch_one_cm":101627,"minecraft:interact_with_smoker":19,"minecraft:inspect_dropper":1,"minecraft:mob_kills":424,"minecraft:damage_dealt_resisted":799,"minecraft:climb_one_cm":11032,"minecraft:walk_one_cm":1695409,"minecraft:sneak_time":42215,"minecraft:walk_under_water_one_cm":6839,"minecraft:boat_one_cm":73223,"minecraft:interact_with_blast_furnace":31,"minecraft:total_world_time":636378,"minecraft:tune_noteblock":23,"minecraft:interact_with_grindstone":1,"minecraft:time_since_rest":15500,"minecraft:damage_taken":10778,"minecraft:swim_one_cm":8641,"minecraft:fly_one_cm":1055245,"minecraft:open_chest":419,"minecraft:fall_one_cm":154637},"minecraft:used":{"minecraft:iron_shovel":250,"minecraft:ladder":4,"minecraft:chest":4,"minecraft:stone":1,"minecraft:iron_chestplate":1,"minecraft:soul_sand":1,"minecraft:nether_bricks":2,"minecraft:snowball":1,"minecraft:milk_bucket":5,"minecraft:glass":2,"minecraft:lava_bucket":1,"quark:deepslate_furnace":2,"minecraft:stone_bricks":6,"minecraft:repeater":8,"minecraft:magma_block":1,"minecraft:sweet_berries":7,"minecraft:skeleton_skull":1,"minecraft:egg":3,"minecraft:potato":146,"minecraft:oak_planks":85,"minecraft:stone_pickaxe":109,"minecraft:wooden_pickaxe":20,"minecraft:blast_furnace":3,"minecraft:note_block":1,"minecraft:redstone_torch":2,"minecraft:sticky_piston":18,"minecraft:lever":2,"cfm:stripped_oak_coffee_table":4,"minecraft:bread":15,"infectious:baseball_bat":38,"minecraft:polished_andesite_slab":2,"minecraft:diamond_sword":506,"minecraft:chain":13,"minecraft:oak_boat":13,"infectious:burger":15,"minecraft:oak_fence":1,"minecraft:oak_trapdoor":9,"minecraft:iron_bars":7,"minecraft:stone_sword":55,"infectious:donut":2,"minecraft:stone_shovel":2,"minecraft:redstone":59,"tacz:gun_smith_table":2,"easy_hammers:stone_hammer":101,"minecraft:stone_hoe":154,"minecraft:stick":2,"minecraft:torch":285,"minecraft:dirt":131,"minecraft:white_carpet":4,"minecraft:granite":2,"minecraft:oak_fence_gate":4,"minecraft:wooden_axe":16,"minecraft:slime_block":2,"minecraft:smooth_sandstone":6,"minecraft:iron_axe":97,"infectious:butchers_table":1,"minecraft:iron_trapdoor":1,"comforts:sleeping_bag_white":8,"minecraft:cooked_beef":32,"minecraft:observer":7,"sophisticatedbackpacks:gold_backpack":1,"minecraft:cooked_mutton":19,"minecraft:water_bucket":9,"minecraft:cobblestone_stairs":17,"quark:cobblestone_bricks":2,"minecraft:baked_potato":35,"minecraft:polished_andesite":33,"pointblank:printer":1,"minecraft:cobblestone_slab":10,"minecraft:crafting_table":7,"minecraft:white_bed":9,"minecraft:cod":2,"minecraft:painting":49,"minecraft:smoker":3,"minecraft:iron_pickaxe":392,"minecraft:stone_axe":130,"minecraft:cobblestone":508,"minecraft:cooked_porkchop":17,"minecraft:bucket":12,"quark:oak_chest":10},"minecraft:crafted":{"minecraft:oak_planks":252,"minecraft:cobblestone_slab":6,"minecraft:chain":5,"minecraft:slime_block":2,"minecraft:stone":7,"minecraft:cobblestone_stairs":12,"minecraft:lever":1,"sophisticatedbackpacks:crafting_upgrade":1,"quark:deepslate_furnace":1,"minecraft:cooked_mutton":11,"minecraft:glass":20,"minecraft:repeater":1,"minecraft:chest":2,"minecraft:stone_hoe":2,"minecraft:oak_fence":3,"minecraft:smoker":1,"pointblank:printer":1,"sophisticatedbackpacks:backpack":1,"minecraft:cooked_porkchop":17,"minecraft:crafting_table":3,"minecraft:wooden_pickaxe":1,"minecraft:baked_potato":65,"minecraft:copper_ingot":166,"sophisticatedbackpacks:upgrade_base":1,"minecraft:iron_chestplate":1,"minecraft:paper":3,"minecraft:stick":108,"quark:oak_chest":13,"minecraft:iron_ingot":42,"minecraft:iron_pickaxe":2,"infectious:burger":18,"minecraft:iron_block":1,"minecraft:stone_sword":1,"pointblank:guninternals":3,"minecraft:redstone":18,"minecraft:stone_shovel":1,"minecraft:iron_nugget":27,"comforts:sleeping_bag_white":1,"minecraft:furnace":1,"easy_hammers:stone_hammer":3,"minecraft:white_carpet":6,"minecraft:glass_pane":16,"ars_nouveau:novice_spell_book":1,"minecraft:leather":101,"minecraft:iron_axe":2,"minecraft:ladder":4,"infectious:butchers_table":1,"minecraft:stone_pickaxe":1,"minecraft:wheat":45,"sophisticatedbackpacks:iron_backpack":1,"minecraft:cooked_beef":23,"pointblank:gunmetal_ingot":36,"zombiesmore:frozen_flesh":110,"pointblank:processor":1,"minecraft:iron_sword":1,"tacz:gun_smith_table":1,"sophisticatedbackpacks:gold_backpack":1,"minecraft:bucket":1,"minecraft:stone_axe":1,"minecraft:air":0,"minecraft:bread":15,"minecraft:oak_boat":2,"minecraft:wooden_axe":1,"minecraft:white_bed":1,"minecraft:torch":176},"minecraft:dropped":{"minecraft:porkchop":1,"minecraft:baked_potato":1,"minecraft:glass_bottle":1,"infectious:intestine":16,"minecraft:cracked_stone_bricks":1,"minecraft:cyan_terracotta":4,"minecraft:dirt":3,"gravestone:obituary":3,"minecraft:gold_nugget":1,"minecraft:birch_log":16,"minecraft:bone":8,"minecraft:stone_axe":2,"minecraft:iron_nugget":14,"minecraft:cobbled_deepslate":8,"minecraft:wheat":2,"minecraft:birch_sapling":4,"minecraft:beetroot":2,"minecraft:rotten_flesh":42,"minecraft:oak_planks":6,"minecraft:cooked_mutton":3,"minecraft:carrot":2,"supplementaries:flax_seeds":1,"supplementaries:ash":11,"minecraft:gunpowder":4,"comforts:sleeping_bag_white":2,"minecraft:white_dye":1,"minecraft:iron_bars":2,"minecraft:arrow":2,"minecraft:egg":7,"minecraft:water_bucket":1,"minecraft:stone_hoe":1,"minecraft:bread":8,"minecraft:wheat_seeds":42,"infectious:rotten_brain":1,"minecraft:mossy_cobblestone":1,"minecraft:oak_fence":2,"minecraft:feather":2,"minecraft:cobblestone":17,"minecraft:lead":2,"infectious:maggot":46,"minecraft:granite":4,"minecraft:stick":16,"minecraft:diorite":1,"minecraft:torch":28,"minecraft:wooden_axe":1,"minecraft:iron_door":1,"minecraft:potion":4,"tacz:modern_kinetic_gun":3,"minecraft:iron_axe":1,"minecraft:bucket":1,"minecraft:redstone":7,"minecraft:polished_diorite":2,"minecraft:moss_carpet":3,"minecraft:sweet_berries":3,"minecraft:stone_sword":2,"minecraft:cocoa_beans":10,"minecraft:tuff":3,"minecraft:white_carpet":7,"minecraft:pumpkin_seeds":12,"pointblank:gunmetal_nugget":134,"minecraft:diamond_sword":2,"minecraft:potato":169,"minecraft:shield":1,"minecraft:peony":1,"minecraft:diamond_pickaxe":1,"minecraft:andesite":3,"minecraft:oak_boat":1,"minecraft:oak_sapling":4,"minecraft:waxed_oxidized_cut_copper":3,"minecraft:stone_bricks":1,"minecraft:spider_eye":3,"minecraft:slime_ball":4,"sophisticatedbackpacks:copper_backpack":1,"minecraft:wooden_pickaxe":1,"minecraft:stone_pickaxe":2},"minecraft:picked_up":{"ars_nouveau:caster_tome":1,"minecraft:iron_chestplate":5,"minecraft:redstone_block":1,"minecraft:iron_trapdoor":1,"minecraft:lead":2,"minecraft:diamond_sword":5,"infectious:meth":2,"minecraft:potion":11,"minecraft:string":26,"minecraft:raw_copper":175,"minecraft:iron_leggings":6,"minecraft:sticky_piston":23,"minecraft:beetroot":8,"minecraft:smooth_stone":2,"minecraft:gold_nugget":5,"minecraft:cobbled_deepslate":32,"minecraft:bucket":3,"comforts:sleeping_bag_white":22,"minecraft:redstone_torch":4,"minecraft:cobblestone_slab":4,"minecraft:iron_pickaxe":6,"infectious:baseball_bat":3,"minecraft:coal_block":7,"minecraft:iron_boots":6,"minecraft:stick":64,"minecraft:oak_fence":4,"minecraft:torch":389,"minecraft:porkchop":42,"tacz:attachment":5,"minecraft:diorite":1,"infectious:donut":4,"minecraft:stone_sword":5,"minecraft:honey_bottle":2,"quark:clear_shard":4,"minecraft:rotten_flesh":417,"zombiesmore:flammable_bone":2,"ars_nouveau:worn_notebook":3,"minecraft:cyan_terracotta":4,"infectious:rotten_brain":31,"zombiesmore:rotten_flesh_block":1,"supplementaries:quiver":1,"supplementaries:ash":13,"minecraft:obsidian":7,"minecraft:iron_bars":9,"minecraft:cod":3,"minecraft:snowball":111,"minecraft:cobblestone":1337,"minecraft:birch_log":32,"minecraft:magma_block":2,"minecraft:repeater":7,"pointblank:guninternals":2,"minecraft:feather":5,"minecraft:cooked_beef":6,"minecraft:iron_door":1,"minecraft:water_bucket":7,"minecraft:andesite":12,"infectious:butchers_table":1,"minecraft:copper_block":6,"minecraft:smoker":2,"minecraft:potato":465,"minecraft:flint":1,"minecraft:tuff":3,"supplementaries:flax_seeds":1,"minecraft:lapis_lazuli":44,"minecraft:dirt":300,"zombie_island:chemicals":2,"cfm:stripped_oak_coffee_table":4,"minecraft:bone":63,"minecraft:wheat_seeds":74,"minecraft:light_blue_dye":4,"infectious:burger":1,"minecraft:diamond_helmet":1,"minecraft:glowstone_dust":6,"tacz:gun_smith_table":1,"minecraft:stone_hoe":2,"minecraft:oak_planks":366,"infectious:maggot":137,"minecraft:cooked_porkchop":12,"minecraft:dropper":2,"minecraft:poisonous_potato":5,"minecraft:sand":84,"minecraft:mossy_cobblestone":1,"infectious:music_disc_zombified":1,"minecraft:polished_andesite":144,"minecraft:sugar":2,"minecraft:diamond":5,"minecraft:lever":1,"minecraft:granite":10,"minecraft:golden_apple":7,"minecraft:emerald":35,"minecraft:bread":24,"minecraft:oak_sapling":10,"minecraft:light_gray_carpet":6,"infectious:bear_trap_open":1,"minecraft:waxed_oxidized_cut_copper":3,"minecraft:charcoal":16,"minecraft:diamond_pickaxe":2,"sophisticatedbackpacks:gold_backpack":7,"minecraft:cocoa_beans":13,"minecraft:crafting_table":9,"minecraft:chicken":1,"minecraft:redstone_lamp":1,"minecraft:stone_brick_wall":2,"minecraft:chain":6,"gravestone:obituary":3,"minecraft:shield":4,"minecraft:oak_trapdoor":4,"minecraft:moss_carpet":5,"minecraft:iron_axe":5,"minecraft:flint_and_steel":1,"tacz:ammo":551,"minecraft:white_carpet":16,"minecraft:cracked_stone_bricks":3,"minecraft:beef":37,"easy_hammers:stone_hammer":7,"minecraft:oak_boat":24,"minecraft:observer":17,"minecraft:iron_nugget":114,"infectious:bandage":2,"zombiesmore:frozen_flesh":55,"minecraft:sugar_cane":26,"minecraft:chest":2,"minecraft:birch_sapling":4,"minecraft:piston":1,"minecraft:phantom_membrane":5,"minecraft:egg":11,"minecraft:raw_iron":54,"minecraft:copper_ingot":19,"minecraft:note_block":1,"minecraft:white_dye":3,"pointblank:gunmetal_nugget":629,"quark:deepslate_furnace":1,"infectious:antibiotics":2,"minecraft:carrot":22,"infectious:intestine":66,"minecraft:redstone":50,"minecraft:arrow":38,"minecraft:diamond_chestplate":2,"minecraft:peony":1,"minecraft:nether_bricks":2,"infectious:glitched_rotten_flesh":2,"minecraft:shears":1,"infectious:mine":4,"minecraft:hay_block":5,"minecraft:gold_ingot":4,"minecraft:saddle":2,"sophisticatedbackpacks:copper_backpack":4,"minecraft:mutton":17,"minecraft:skeleton_skull":1,"minecraft:white_wool":31,"minecraft:leather":16,"minecraft:oak_log":139,"minecraft:golden_boots":5,"minecraft:gunpowder":52,"minecraft:cobblestone_stairs":8,"minecraft:paper":8,"quark:forgotten_hat":1,"minecraft:cooked_mutton":15,"minecraft:smooth_sandstone":6,"pointblank:deserteagle":1,"minecraft:apple":27,"minecraft:stone_bricks":7,"minecraft:iron_ingot":40,"minecraft:stone_pickaxe":4,"minecraft:glass_bottle":1,"minecraft:polished_andesite_slab":2,"minecraft:soul_sand":1,"minecraft:book":3,"quark:light_gray_shard":1,"minecraft:pumpkin":6,"minecraft:sweet_berries":20,"minecraft:gravel":10,"minecraft:spruce_sapling":4,"minecraft:blast_furnace":3,"minecraft:white_bed":4,"minecraft:spruce_log":26,"quark:oak_chest":1,"minecraft:spider_eye":28,"minecraft:leather_helmet":3,"quark:cobblestone_bricks":2,"minecraft:pumpkin_seeds":12,"minecraft:slime_ball":30,"minecraft:polished_diorite":2,"minecraft:stone_axe":5,"tacz:modern_kinetic_gun":10,"pointblank:ammo50ae":61,"minecraft:iron_helmet":9,"minecraft:painting":50,"minecraft:gray_wool":1,"minecraft:baked_potato":103,"minecraft:black_wool":1,"minecraft:coal":122,"minecraft:ender_pearl":2},"minecraft:killed_by":{"infectious:screamer":1,"minecraft:creeper":1,"quark:forgotten":3,"minecraft:drowned":1,"alexsmobs:tusklin":1,"minecraft:zombie":7,"minecraft:player":2,"infectious:glitched_zombie":1},"minecraft:broken":{"minecraft:stone_axe":1,"minecraft:stone_hoe":1,"minecraft:iron_pickaxe":1},"minecraft:killed":{"infectious:zombie_boxer":1,"zombie_island:burning_walker":1,"infectious:crawling_zombie":3,"infectious:zombie":20,"mozombies_wave:zombie_chef":2,"infectious:zombie_fisherman":1,"minecraft:spider":11,"minecraft:zombie_horse":4,"quark:forgotten":1,"minecraft:skeleton":12,"infectious:zombie_doctor":2,"zombie_island:insect_swarm_walker":2,"infectious:muscular_zombie":2,"infectious:zombie_runner":1,"infectious:football_player_zombie":1,"minecraft:chicken":5,"zombie_island:runner_4":1,"infectious:headless_zombie":3,"infectious:mutant_zombie":1,"infectious:psycho_zombie":1,"minecraft:pig":4,"minecraft:zombie_villager":3,"infectious:zombie_diver":1,"infectious:hazmat_zombie":2,"minecraft:creeper":2,"mozombies_wave:zombie_miner":1,"minecraft:sheep":12,"infectious:bucket_zombie":1,"zombie_island:eat_courier":1,"minecraft:zombie":192,"minecraft:stray":3,"infectious:zombie_girl":3,"mozombies_wave:zombie_dwarf":1,"alexsmobs:fly":1,"infectious:bouncer_zombie":1,"minecraft:cow":9,"infectious:old_zombie":1,"infectious:zombie_warrior":1,"infectious:zombie_miner":1,"hordes:zombie_player":16,"infectious:zombie_clown":1,"infectious:zombie_police":1,"zombie_island:shocking_walker":1,"alexsmobs:seagull":4,"infectious:tower_zombie_3":1,"infectious:zombie_screamer":2,"minecraft:drowned":5,"infectious:iron_door_zombie":1,"infectious:tower_zombie_2":1,"mozombies_wave:zombie_pirate":3,"zombiesmore:cursed_zombie":1,"minecraft:husk":44,"infectious:zombified_bird_flying":4,"infectious:blind_zombie":5,"infectious:zombie_archer":2,"zombiesmore:explosive_zombie":1,"infectious:beehive_zombie":1,"infectious:armless_zombie":1,"infectious:tower_zombie_4":1,"infectious:zombie_painter":2,"minecraft:wither_skeleton":1},"minecraft:mined":{"minecraft:white_bed":4,"minecraft:cobblestone_stairs":6,"sophisticatedbackpacks:gold_backpack":1,"infectious:bear_trap_open":1,"minecraft:granite":8,"minecraft:grass_block":52,"minecraft:coal_block":6,"minecraft:frosted_ice":1,"tacz:gun_smith_table":1,"minecraft:spawner":1,"minecraft:magma_block":1,"minecraft:glowstone":2,"minecraft:sticky_piston":23,"minecraft:iron_ore":27,"minecraft:fire":15,"minecraft:pumpkin":2,"supplementaries:stick":2,"minecraft:dirt_path":11,"minecraft:iron_bars":9,"minecraft:cyan_terracotta":5,"minecraft:smoker":2,"minecraft:torch":21,"minecraft:note_block":1,"minecraft:blast_furnace":3,"minecraft:chest":1,"infectious:butchers_table":1,"minecraft:glass":2,"minecraft:cobblestone":93,"minecraft:oak_planks":2,"minecraft:sugar_cane":5,"minecraft:smooth_sandstone_slab":3,"minecraft:wall_torch":35,"minecraft:chain":5,"minecraft:repeater":5,"minecraft:birch_log":8,"minecraft:grass":77,"minecraft:oak_log":86,"minecraft:sand":85,"minecraft:dirt":130,"minecraft:piston":2,"minecraft:oak_leaves":3,"minecraft:deepslate":2,"minecraft:redstone_lamp":1,"minecraft:diamond_ore":2,"minecraft:tuff":1,"minecraft:mossy_cobblestone":1,"infectious:mine":1,"minecraft:lever":1,"gravestone:gravestone":8,"minecraft:decorated_pot":2,"minecraft:redstone_wire":47,"minecraft:polished_andesite_slab":3,"minecraft:spruce_leaves":4,"minecraft:large_fern":1,"minecraft:hay_block":5,"minecraft:oak_trapdoor":3,"minecraft:waxed_oxidized_cut_copper":5,"minecraft:carrots":1,"minecraft:snow":118,"minecraft:andesite":5,"minecraft:potatoes":64,"minecraft:vine":9,"minecraft:deepslate_iron_ore":7,"minecraft:stone":176,"minecraft:redstone_wall_torch":2,"minecraft:light_gray_carpet":3,"minecraft:redstone_block":1,"minecraft:soul_sand":1,"quark:oak_chest":1,"minecraft:observer":17,"minecraft:smooth_sandstone":7,"minecraft:crafting_table":5,"minecraft:dropper":2,"zombiesmore:rotten_flesh_block":1,"minecraft:copper_ore":51,"minecraft:tall_grass":13,"minecraft:lapis_ore":2,"supplementaries:urn":9,"minecraft:redstone_torch":2,"minecraft:sweet_berry_bush":9,"minecraft:ice":1,"minecraft:white_carpet":9,"minecraft:spruce_log":27,"minecraft:coal_ore":42,"minecraft:gravel":10,"minecraft:cobweb":2,"minecraft:cracked_stone_bricks":3,"minecraft:stone_bricks":7,"minecraft:polished_andesite":12,"minecraft:iron_trapdoor":1,"minecraft:fern":1}},"DataVersion":3465}