{"stats":{"minecraft:used":{"world:oak":1,"minecraft:light":5,"minecraft:stripped_oak_wood":20,"minecraft:black_carpet":1,"minecraft:campfire":2,"minecraft:spruce_planks":36,"minecraft:stripped_spruce_log":8},"minecraft:custom":{"minecraft:time_since_rest":0,"minecraft:crouch_one_cm":6421,"minecraft:play_time":20422,"minecraft:sprint_one_cm":15401,"minecraft:deaths":1,"minecraft:walk_one_cm":33771,"minecraft:sneak_time":2905,"minecraft:walk_under_water_one_cm":582,"minecraft:jump":77,"minecraft:damage_dealt":10,"minecraft:leave_game":1,"minecraft:time_since_death":0,"minecraft:walk_on_water_one_cm":1139,"minecraft:total_world_time":20422,"minecraft:fall_one_cm":894,"minecraft:fly_one_cm":45464},"minecraft:mined":{"world:oak":1},"minecraft:picked_up":{"world:oak":1}},"DataVersion":3465}