{"stat.chestOpened":5,"stat.pickup.minecraft.gravel":45,"stat.leaveGame":1,"stat.pickup.minecraft.iron_sword":1,"stat.pickup.minecraft.flint":8,"stat.craftItem.minecraft.coal":11,"stat.craftItem.notreepunching.grass_string":10,"stat.swimOneCm":6530,"stat.jump":714,"stat.pickup.minecraft.coal":1,"stat.fallOneCm":21066,"stat.useItem.minecraft.planks":3,"stat.useItem.notreepunching.axe/flint":9,"stat.crouchOneCm":2700,"stat.pickup.minecraft.dirt":20,"stat.useItem.minecraft.dirt":4,"stat.useItem.minecraft.stone_slab2":26,"stat.craftingTableInteraction":8,"stat.craftItem.minecraft.furnace":1,"roc.kill":1,"stat.craftItem.minecraft.stone_axe":1,"stat.damageTaken":1325,"stat.pickup.notreepunching.rock/stone":89,"stat.craftItem.minecraft.stone_pickaxe":1,"stat.pickup.minecraft.planks":18,"stat.flyOneCm":183828,"stat.pickup.minecraft.wheat_seeds":5,"stat.pickup.iceandfire.ash":1,"stat.useItem.notreepunching.pickaxe/flint":23,"stat.drop.minecraft.wheat_seeds":2,"stat.mineBlock.minecraft.gravel":53,"stat.useItem.minecraft.stone_pickaxe":9,"stat.craftItem.notreepunching.pickaxe/flint":1,"stat.damageDealt":172,"stat.timeSinceDeath":14016,"stat.mineBlock.minecraft.dirt":24,"stat.pickup.minecraft.mutton":4,"stat.walkOneCm":73257,"stat.pickup.minecraft.stick":23,"stat.useItem.notreepunching.knife/flint":53,"stat.useItem.minecraft.log":10,"stat.pickup.minecraft.crafting_table":1,"stat.craftItem.minecraft.crafting_table":1,"stat.furnaceInteraction":6,"stat.useItem.minecraft.gravel":17,"stat.mineBlock.minecraft.double_plant":6,"stat.mineBlock.minecraft.coal_ore":1,"stat.pickup.minecraft.log":30,"stat.pickup.notreepunching.grass_fiber":33,"stat.craftItem.realistictorches.torch_unlit":4,"stat.craftItem.minecraft.stone_slab2":0,"stat.sprintOneCm":90551,"stat.useItem.rustic.wildberries":5,"stat.pickup.notreepunching.flint_shard":16,"stat.mineBlock.minecraft.crafting_table":1,"stat.waystones:waystonesActivated":1,"stat.mobKills":1,"stat.pickup.dynamictrees.oakseed":1,"stat.useItem.carryon.entity_item":1,"stat.deaths":6,"stat.craftItem.notreepunching.axe/flint":2,"stat.drop":2,"stat.playOneMinute":49234,"stat.sneakTime":572,"stat.pickup.minecraft.wool":2,"stat.craftItem.notreepunching.knife/flint":2,"stat.mineBlock.minecraft.stone":31,"stat.craftItem.minecraft.cobblestone":16,"stat.mineBlock.minecraft.tallgrass":56,"stat.craftItem.minecraft.cooked_mutton":4,"stat.diveOneCm":12328}