{"stat.chestOpened":5,"stat.pickup.minecraft.gravel":77,"stat.leaveGame":1,"stat.pickup.minecraft.iron_sword":1,"stat.pickup.minecraft.waterlily":2,"stat.mineBlock.minecraft.cobblestone":3,"stat.pickup.minecraft.flint":12,"stat.craftItem.minecraft.coal":14,"stat.craftItem.notreepunching.grass_string":10,"stat.swimOneCm":11816,"stat.jump":966,"stat.pickup.minecraft.coal":5,"stat.fallOneCm":25034,"stat.useItem.minecraft.planks":3,"stat.climbOneCm":484,"stat.useItem.notreepunching.axe/flint":18,"stat.crouchOneCm":12012,"stat.pickup.minecraft.dirt":39,"stat.useItem.minecraft.dirt":29,"stat.useItem.minecraft.stone_slab2":58,"stat.craftingTableInteraction":13,"stat.craftItem.minecraft.furnace":2,"roc.kill":1,"stat.craftItem.minecraft.stone_axe":1,"stat.damageTaken":1515,"stat.pickup.notreepunching.rock/stone":245,"stat.craftItem.minecraft.stone_pickaxe":2,"stat.mineBlock.minecraft.furnace":1,"stat.pickup.minecraft.cobblestone":3,"stat.pickup.minecraft.planks":28,"stat.flyOneCm":222853,"stat.pickup.minecraft.bed":2,"stat.pickup.minecraft.wheat_seeds":5,"stat.pickup.iceandfire.ash":1,"stat.useItem.notreepunching.pickaxe/flint":36,"stat.drop.minecraft.wheat_seeds":2,"stat.mineBlock.minecraft.gravel":89,"stat.useItem.minecraft.stone_pickaxe":64,"stat.craftItem.notreepunching.pickaxe/flint":2,"stat.damageDealt":264,"stat.sleepInBed":1,"stat.timeSinceDeath":0,"stat.mineBlock.minecraft.dirt":46,"stat.pickup.minecraft.mutton":4,"stat.mineBlock.minecraft.monster_egg":1,"stat.walkOneCm":126081,"stat.pickup.minecraft.stick":40,"stat.useItem.notreepunching.knife/flint":63,"stat.mineBlock.minecraft.vine":2,"stat.useItem.minecraft.log":16,"stat.pickup.minecraft.crafting_table":3,"stat.useItem.minecraft.cobblestone":2,"stat.craftItem.minecraft.crafting_table":2,"stat.furnaceInteraction":8,"stat.useItem.minecraft.gravel":28,"stat.mineBlock.minecraft.double_plant":6,"stat.mineBlock.minecraft.coal_ore":5,"stat.pickup.minecraft.log":45,"stat.pickup.notreepunching.grass_fiber":34,"stat.pickup.minecraft.furnace":1,"stat.craftItem.realistictorches.torch_unlit":4,"stat.craftItem.minecraft.stone_slab2":0,"stat.sprintOneCm":117442,"stat.useItem.rustic.wildberries":10,"stat.pickup.notreepunching.flint_shard":24,"stat.drop.dynamictrees.oakseed":1,"stat.mineBlock.minecraft.crafting_table":3,"stat.waystones:waystonesActivated":1,"stat.mobKills":1,"stat.pickup.dynamictrees.oakseed":2,"stat.mineBlock.minecraft.log":1,"stat.mineBlock.minecraft.waterlily":2,"stat.useItem.carryon.entity_item":1,"stat.deaths":7,"stat.craftItem.notreepunching.axe/flint":2,"stat.drop":3,"stat.mineBlock.minecraft.leaves":1,"stat.craftItem.minecraft.paper":4,"stat.playOneMinute":73534,"stat.entityKilledBy.Silverfish":1,"stat.sneakTime":3494,"stat.pickup.minecraft.wool":2,"stat.craftItem.notreepunching.knife/flint":2,"stat.mineBlock.minecraft.stone":85,"stat.craftItem.minecraft.cobblestone":55,"stat.mineBlock.minecraft.tallgrass":62,"stat.craftItem.minecraft.cooked_mutton":4,"stat.diveOneCm":23914}