{"stat.flyOneCm":66256,"stat.deaths":2,"stat.walkOneCm":26608,"stat.swimOneCm":2006,"stat.jump":259,"stat.pickup.iceandfire.ash":1,"stat.playOneMinute":10087,"stat.fallOneCm":6256,"stat.mineBlock.minecraft.gravel":7,"stat.pickup.minecraft.stick":1,"stat.pickup.minecraft.gravel":7,"stat.sneakTime":167,"stat.damageTaken":481,"stat.crouchOneCm":939,"stat.waystones:waystonesActivated":1,"stat.timeSinceDeath":6668,"stat.pickup.minecraft.dirt":4,"stat.sprintOneCm":37171,"stat.mineBlock.minecraft.dirt":7,"stat.useItem.minecraft.stone_slab2":1,"stat.useItem.rustic.wildberries":4,"stat.mineBlock.minecraft.tallgrass":10,"stat.diveOneCm":9090}