{"stats":{"minecraft:used":{"quark:spruce_vertical_slab":13,"world:oak":1,"minecraft:light":10,"quark:oak_vertical_slab":4,"minecraft:stripped_oak_wood":20,"minecraft:black_carpet":1,"minecraft:campfire":2,"minecraft:spruce_planks":36,"minecraft:stripped_spruce_log":8},"minecraft:custom":{"minecraft:time_since_rest":8253,"minecraft:crouch_one_cm":7282,"minecraft:play_time":28675,"minecraft:sprint_one_cm":16341,"minecraft:deaths":1,"minecraft:walk_one_cm":50433,"minecraft:sneak_time":4331,"minecraft:walk_under_water_one_cm":1087,"minecraft:jump":101,"minecraft:damage_dealt":165,"minecraft:leave_game":2,"minecraft:walk_on_water_one_cm":1303,"minecraft:time_since_death":7794,"minecraft:total_world_time":28675,"minecraft:fall_one_cm":894,"minecraft:fly_one_cm":46452},"minecraft:mined":{"world:oak":1},"minecraft:picked_up":{"world:oak":1}},"DataVersion":3465}