{"stats":{"minecraft:picked_up":{"minecraft:crafting_table":3,"minecraft:leather":1,"minecraft:brown_bed":3,"minecraft:birch_planks":4,"minecraft:oak_log":47,"minecraft:lapis_lazuli":19,"minecraft:dirt":46,"minecraft:raw_copper":81,"minecraft:bone":7,"minecraft:apple":1,"minecraft:kelp":1,"apocalypsenow:human_flesh":2,"minecraft:cobbled_deepslate":593,"minecraft:raw_gold":15,"minecraft:bamboo":64,"minecraft:furnace":5,"minecraft:stick":2,"minecraft:raw_iron":36,"minecraft:torch":4,"minecraft:redstone":67,"minecraft:rotten_flesh":23,"minecraft:granite":70,"minecraft:oak_sapling":4,"minecraft:coal":57,"minecraft:cobblestone":515},"minecraft:custom":{"minecraft:interact_with_furnace":22,"minecraft:mob_kills":6,"minecraft:interact_with_crafting_table":9,"minecraft:damage_dealt_resisted":5,"minecraft:time_since_death":348,"minecraft:sleep_in_bed":2,"minecraft:climb_one_cm":180,"minecraft:time_since_rest":379,"minecraft:sprint_one_cm":79192,"minecraft:damage_taken":787,"minecraft:walk_one_cm":117649,"minecraft:damage_dealt":1102,"minecraft:swim_one_cm":16955,"minecraft:fly_one_cm":85631,"minecraft:open_chest":4,"minecraft:crouch_one_cm":13374,"minecraft:play_time":67611,"minecraft:deaths":3,"minecraft:sneak_time":5785,"minecraft:walk_under_water_one_cm":1508,"minecraft:jump":588,"minecraft:walk_on_water_one_cm":7133,"minecraft:interact_with_smoker":3,"minecraft:total_world_time":67611,"minecraft:fall_one_cm":6129},"minecraft:killed":{"born_in_chaos_v1:door_knight_not_despawn":2,"apocalypsenow:runner_39":2,"apocalypsenow:runner_54":2,"apocalypsenow:runner_35":2,"gnumus:pitcher_mousse":2,"born_in_chaos_v1:door_knight":2},"minecraft:crafted":{"minecraft:oak_planks":44,"minecraft:crafting_table":1,"minecraft:wooden_pickaxe":1,"minecraft:iron_helmet":1,"minecraft:furnace":2,"minecraft:stone":15,"minecraft:stone_axe":1,"minecraft:air":0,"minecraft:iron_boots":1,"minecraft:iron_chestplate":1,"minecraft:leather":5,"justhammers:stone_hammer":5,"minecraft:stick":36,"minecraft:stone_pickaxe":1,"minecraft:iron_ingot":45,"minecraft:iron_pickaxe":1,"minecraft:iron_block":1,"minecraft:torch":60},"minecraft:mined":{"minecraft:spruce_planks":1,"minecraft:crafting_table":3,"minecraft:granite":3,"minecraft:grass_block":11,"minecraft:copper_ore":1,"minecraft:cobblestone":2,"minecraft:kelp":1,"minecraft:wall_torch":1,"minecraft:birch_planks":8,"minecraft:furnace":5,"minecraft:cobbled_deepslate":1,"minecraft:brown_bed":3,"minecraft:grass":1,"minecraft:coal_ore":1,"minecraft:oak_log":47,"minecraft:dirt":35,"gnumus:fragile_gnumus_jug":6,"minecraft:bamboo":9,"minecraft:stone":22,"world:leavesoak":2,"minecraft:oak_leaves":1,"minecraft:deepslate":5},"minecraft:used":{"minecraft:stone_pickaxe":16,"minecraft:wooden_pickaxe":19,"minecraft:torch":64,"apocalypsenow:black_football_armor_leggings":1,"minecraft:dirt":5,"minecraft:crafting_table":4,"minecraft:iron_pickaxe":31,"apocalypsenow:nutrition_bar":1,"justhammers:stone_hammer":137,"minecraft:stone_axe":77,"minecraft:cobblestone":37,"minecraft:furnace":5,"alexsmobs:animal_dictionary":1,"minecraft:cobbled_deepslate":1,"minecraft:brown_bed":3}},"DataVersion":3465}