{"stat.chestOpened":5,"stat.pickup.minecraft.gravel":22,"stat.leaveGame":1,"stat.pickup.minecraft.iron_sword":1,"stat.pickup.minecraft.flint":4,"stat.craftItem.minecraft.coal":11,"stat.craftItem.notreepunching.grass_string":5,"stat.swimOneCm":5180,"stat.jump":537,"stat.pickup.minecraft.coal":1,"stat.fallOneCm":16872,"stat.useItem.minecraft.planks":3,"stat.useItem.notreepunching.axe/flint":5,"stat.crouchOneCm":1171,"stat.pickup.minecraft.dirt":8,"stat.useItem.minecraft.dirt":1,"stat.useItem.minecraft.stone_slab2":19,"stat.craftingTableInteraction":8,"stat.craftItem.minecraft.furnace":1,"roc.kill":1,"stat.craftItem.minecraft.stone_axe":1,"stat.damageTaken":1285,"stat.pickup.notreepunching.rock/stone":89,"stat.craftItem.minecraft.stone_pickaxe":1,"stat.pickup.minecraft.planks":14,"stat.flyOneCm":155446,"stat.pickup.minecraft.wheat_seeds":3,"stat.pickup.iceandfire.ash":1,"stat.useItem.notreepunching.pickaxe/flint":23,"stat.mineBlock.minecraft.gravel":26,"stat.useItem.minecraft.stone_pickaxe":9,"stat.craftItem.notreepunching.pickaxe/flint":1,"stat.damageDealt":172,"stat.timeSinceDeath":1416,"stat.mineBlock.minecraft.dirt":11,"stat.pickup.minecraft.mutton":4,"stat.walkOneCm":58486,"stat.pickup.minecraft.stick":10,"stat.useItem.notreepunching.knife/flint":25,"stat.useItem.minecraft.log":6,"stat.pickup.minecraft.crafting_table":1,"stat.craftItem.minecraft.crafting_table":1,"stat.furnaceInteraction":6,"stat.useItem.minecraft.gravel":3,"stat.mineBlock.minecraft.double_plant":6,"stat.mineBlock.minecraft.coal_ore":1,"stat.pickup.minecraft.log":17,"stat.pickup.notreepunching.grass_fiber":17,"stat.craftItem.realistictorches.torch_unlit":4,"stat.craftItem.minecraft.stone_slab2":0,"stat.sprintOneCm":69672,"stat.useItem.rustic.wildberries":4,"stat.pickup.notreepunching.flint_shard":8,"stat.mineBlock.minecraft.crafting_table":1,"stat.waystones:waystonesActivated":1,"stat.mobKills":1,"stat.pickup.dynamictrees.oakseed":1,"stat.useItem.carryon.entity_item":1,"stat.deaths":6,"stat.craftItem.notreepunching.axe/flint":1,"stat.playOneMinute":36634,"stat.sneakTime":246,"stat.pickup.minecraft.wool":2,"stat.craftItem.notreepunching.knife/flint":1,"stat.mineBlock.minecraft.stone":31,"stat.craftItem.minecraft.cobblestone":16,"stat.mineBlock.minecraft.tallgrass":28,"stat.craftItem.minecraft.cooked_mutton":4,"stat.diveOneCm":10523}