{"stats":{"minecraft:picked_up":{"minecraft:crafting_table":2,"minecraft:stick":2,"minecraft:raw_iron":36,"minecraft:torch":4,"minecraft:oak_log":11,"minecraft:redstone":67,"minecraft:lapis_lazuli":19,"minecraft:dirt":29,"minecraft:raw_copper":81,"minecraft:rotten_flesh":1,"minecraft:cobbled_deepslate":589,"minecraft:raw_gold":14,"minecraft:granite":70,"minecraft:oak_sapling":4,"minecraft:coal":54,"minecraft:cobblestone":513,"minecraft:furnace":4},"minecraft:custom":{"minecraft:time_since_rest":43611,"minecraft:interact_with_furnace":19,"minecraft:sprint_one_cm":24607,"minecraft:damage_taken":62,"minecraft:walk_one_cm":73395,"minecraft:mob_kills":1,"minecraft:damage_dealt":150,"minecraft:interact_with_crafting_table":9,"minecraft:swim_one_cm":1132,"minecraft:fly_one_cm":20742,"minecraft:crouch_one_cm":10985,"minecraft:play_time":43611,"minecraft:sneak_time":5030,"minecraft:walk_under_water_one_cm":24,"minecraft:jump":244,"minecraft:walk_on_water_one_cm":274,"minecraft:time_since_death":43611,"minecraft:total_world_time":43611,"minecraft:fall_one_cm":1374},"minecraft:killed":{"apocalypsenow:runner_54":2},"minecraft:mined":{"minecraft:furnace":4,"minecraft:crafting_table":2,"minecraft:granite":3,"minecraft:oak_log":11,"minecraft:grass_block":3,"minecraft:coal_ore":1,"minecraft:dirt":26,"minecraft:copper_ore":1,"minecraft:stone":22,"world:leavesoak":2,"minecraft:oak_leaves":1,"minecraft:deepslate":5,"minecraft:wall_torch":1},"minecraft:crafted":{"minecraft:oak_planks":44,"minecraft:iron_boots":1,"minecraft:iron_chestplate":1,"minecraft:leather":1,"justhammers:stone_hammer":5,"minecraft:crafting_table":1,"minecraft:iron_helmet":1,"minecraft:stick":36,"minecraft:iron_pickaxe":1,"minecraft:iron_ingot":36,"minecraft:wooden_pickaxe":1,"minecraft:stone_pickaxe":1,"minecraft:iron_block":1,"minecraft:furnace":2,"minecraft:stone":15,"minecraft:torch":60,"minecraft:stone_axe":1,"minecraft:air":0},"minecraft:used":{"minecraft:stone_pickaxe":16,"minecraft:iron_pickaxe":19,"minecraft:wooden_pickaxe":19,"justhammers:stone_hammer":137,"minecraft:stone_axe":4,"minecraft:torch":64,"minecraft:dirt":2,"minecraft:cobblestone":16,"minecraft:crafting_table":3,"minecraft:furnace":5,"alexsmobs:animal_dictionary":1}},"DataVersion":3465}