{"stats":{"minecraft:picked_up":{"minecraft:crafting_table":2,"minecraft:stick":2,"minecraft:raw_iron":25,"minecraft:torch":2,"minecraft:oak_log":11,"minecraft:lapis_lazuli":12,"minecraft:dirt":29,"minecraft:raw_copper":58,"minecraft:cobbled_deepslate":205,"minecraft:raw_gold":8,"minecraft:granite":70,"minecraft:oak_sapling":3,"minecraft:coal":53,"minecraft:cobblestone":512,"minecraft:furnace":3},"minecraft:custom":{"minecraft:time_since_rest":31611,"minecraft:interact_with_furnace":15,"minecraft:sprint_one_cm":8075,"minecraft:walk_one_cm":36532,"minecraft:interact_with_crafting_table":8,"minecraft:swim_one_cm":1132,"minecraft:fly_one_cm":8894,"minecraft:crouch_one_cm":4916,"minecraft:play_time":31611,"minecraft:sneak_time":3056,"minecraft:walk_under_water_one_cm":24,"minecraft:jump":123,"minecraft:walk_on_water_one_cm":274,"minecraft:time_since_death":31611,"minecraft:total_world_time":31611},"minecraft:mined":{"minecraft:furnace":3,"minecraft:crafting_table":2,"minecraft:granite":3,"minecraft:oak_log":11,"minecraft:grass_block":3,"minecraft:coal_ore":1,"minecraft:dirt":26,"minecraft:copper_ore":1,"minecraft:stone":21,"world:leavesoak":2,"minecraft:oak_leaves":1,"minecraft:deepslate":2,"minecraft:wall_torch":1},"minecraft:crafted":{"minecraft:oak_planks":44,"minecraft:iron_boots":1,"minecraft:iron_chestplate":1,"justhammers:stone_hammer":5,"minecraft:crafting_table":1,"minecraft:iron_helmet":1,"minecraft:stick":36,"minecraft:iron_pickaxe":1,"minecraft:iron_ingot":25,"minecraft:wooden_pickaxe":1,"minecraft:stone_pickaxe":1,"minecraft:furnace":2,"minecraft:stone":15,"minecraft:torch":60,"minecraft:stone_axe":1,"minecraft:air":0},"minecraft:used":{"minecraft:stone_pickaxe":16,"minecraft:iron_pickaxe":4,"minecraft:wooden_pickaxe":19,"justhammers:stone_hammer":94,"minecraft:stone_axe":2,"minecraft:torch":25,"minecraft:dirt":2,"minecraft:cobblestone":1,"minecraft:crafting_table":2,"minecraft:furnace":3,"alexsmobs:animal_dictionary":1}},"DataVersion":3465}