{"stats":{"minecraft:picked_up":{"minecraft:crafting_table":4,"minecraft:leather":1,"minecraft:brown_bed":4,"minecraft:birch_planks":4,"minecraft:oak_log":47,"minecraft:lapis_lazuli":19,"minecraft:dirt":46,"minecraft:raw_copper":81,"minecraft:bone":7,"minecraft:apple":1,"minecraft:kelp":1,"apocalypsenow:human_flesh":2,"minecraft:cobbled_deepslate":593,"minecraft:raw_gold":15,"minecraft:bamboo":64,"tacz:gun_smith_table":5,"minecraft:furnace":5,"minecraft:stick":2,"minecraft:raw_iron":36,"minecraft:torch":4,"minecraft:redstone":67,"minecraft:rotten_flesh":26,"minecraft:deepslate_bricks":3,"minecraft:granite":70,"antlers:jerkey":4,"minecraft:oak_sapling":4,"minecraft:coal":57,"minecraft:cobblestone":517},"minecraft:custom":{"minecraft:interact_with_furnace":36,"minecraft:mob_kills":7,"minecraft:interact_with_crafting_table":16,"minecraft:interact_with_campfire":8,"minecraft:damage_dealt_resisted":5,"minecraft:interact_with_stonecutter":3,"minecraft:time_since_death":24348,"minecraft:sleep_in_bed":3,"minecraft:climb_one_cm":180,"minecraft:time_since_rest":11525,"minecraft:sprint_one_cm":80049,"minecraft:damage_taken":797,"minecraft:walk_one_cm":185713,"minecraft:damage_dealt":1252,"minecraft:swim_one_cm":23228,"minecraft:fly_one_cm":86997,"minecraft:open_chest":5,"minecraft:crouch_one_cm":20508,"minecraft:play_time":91611,"minecraft:deaths":3,"minecraft:sneak_time":7681,"minecraft:walk_under_water_one_cm":3041,"minecraft:jump":626,"minecraft:walk_on_water_one_cm":7775,"minecraft:interact_with_smoker":3,"minecraft:total_world_time":91611,"minecraft:fall_one_cm":6371},"minecraft:killed":{"born_in_chaos_v1:door_knight_not_despawn":2,"apocalypsenow:runner_37":2,"apocalypsenow:runner_39":2,"apocalypsenow:runner_54":2,"apocalypsenow:runner_35":2,"gnumus:pitcher_mousse":2,"born_in_chaos_v1:door_knight":2},"minecraft:crafted":{"minecraft:oak_planks":104,"minecraft:deepslate":91,"minecraft:crafting_table":1,"minecraft:wooden_pickaxe":1,"minecraft:iron_helmet":1,"minecraft:furnace":2,"tacz:gun_smith_table":1,"minecraft:stone":18,"minecraft:campfire":1,"minecraft:stone_axe":1,"minecraft:air":0,"minecraft:iron_boots":1,"minecraft:iron_chestplate":1,"minecraft:leather":5,"justhammers:stone_hammer":5,"minecraft:stick":40,"quark:oak_chest":2,"minecraft:stone_pickaxe":1,"minecraft:iron_ingot":45,"minecraft:iron_pickaxe":1,"minecraft:iron_block":2,"minecraft:stonecutter":1,"minecraft:torch":64},"minecraft:mined":{"minecraft:spruce_planks":1,"minecraft:crafting_table":4,"minecraft:granite":3,"minecraft:grass_block":11,"minecraft:deepslate_bricks":4,"minecraft:copper_ore":1,"minecraft:cobblestone":4,"tacz:gun_smith_table":5,"minecraft:kelp":1,"minecraft:wall_torch":1,"minecraft:birch_planks":8,"minecraft:furnace":5,"minecraft:cobbled_deepslate":1,"minecraft:brown_bed":4,"minecraft:grass":1,"minecraft:coal_ore":1,"minecraft:oak_log":47,"minecraft:dirt":35,"gnumus:fragile_gnumus_jug":6,"minecraft:bamboo":9,"minecraft:stone":22,"world:leavesoak":2,"minecraft:oak_leaves":1,"minecraft:deepslate":5},"minecraft:used":{"minecraft:stone_pickaxe":16,"minecraft:oak_planks":17,"tacz:gun_smith_table":6,"minecraft:wooden_pickaxe":19,"minecraft:stonecutter":1,"minecraft:deepslate_bricks":188,"minecraft:torch":68,"apocalypsenow:black_football_armor_leggings":1,"minecraft:dirt":5,"minecraft:crafting_table":5,"minecraft:campfire":1,"antlers:jerkey":1,"minecraft:iron_pickaxe":40,"apocalypsenow:nutrition_bar":1,"justhammers:stone_hammer":137,"minecraft:stone_axe":81,"minecraft:cobblestone":143,"minecraft:furnace":7,"quark:oak_chest":2,"alexsmobs:animal_dictionary":1,"minecraft:cobbled_deepslate":1,"minecraft:brown_bed":4}},"DataVersion":3465}