{"stats":{"minecraft:custom":{"minecraft:jump":1,"minecraft:time_since_rest":3608,"minecraft:crouch_one_cm":2361,"minecraft:play_one_minute":3608,"minecraft:leave_game":2,"minecraft:time_since_death":3608,"minecraft:walk_one_cm":397,"minecraft:sneak_time":968,"minecraft:open_chest":1},"minecraft:picked_up":{"minecraft:sand":1,"botania:pebble":51,"minecraft:dirt":7,"ironchest:dirt_chest":1},"minecraft:used":{"oneblock:obanalyzer":2},"minecraft:mined":{"minecraft:podzol":1,"minecraft:grass_block":3,"ironchest:dirt_chest":1,"minecraft:sand":1,"minecraft:dirt":3},"minecraft:crafted":{"minecraft:air":12}},"DataVersion":2586}