{"stats":{"minecraft:crafted":{"minecraft:oak_planks":268,"apocalypsenow:barbecuestick":1,"minecraft:crafting_table":2,"minecraft:stone_axe":1,"minecraft:campfire":1,"minecraft:oak_boat":1,"minecraft:stick":12,"minecraft:stone_pickaxe":1,"minecraft:wooden_axe":1,"minecraft:torch":12},"minecraft:picked_up":{"butchersdelight:deadpig":1,"minecraft:oak_log":59,"minecraft:dirt":4,"minecraft:raw_copper":1,"evilcraft:poison_sac":1,"minecraft:pufferfish":1,"minecraft:bone":2,"minecraft:apple":1,"apocalypsenow:human_flesh":3,"minecraft:wheat_seeds":4,"minecraft:rabbit_hide":1,"minecraft:stripped_oak_wood":2,"minecraft:bamboo":49,"minecraft:sugar_cane":2,"minecraft:oak_planks":8,"minecraft:stick":5,"minecraft:torch":4,"minecraft:oak_wood":21,"minecraft:arrow":2,"butchersdelight:deadsheep":3,"minecraft:rotten_flesh":14,"minecraft:gray_wool":1,"antlers:jerkey":1,"minecraft:oak_sapling":7,"minecraft:coal":29,"minecraft:white_wool":2,"minecraft:cobblestone":19},"minecraft:used":{"minecraft:stone_pickaxe":24,"minecraft:oak_planks":135,"minecraft:torch":10,"minecraft:crafting_table":2,"minecraft:campfire":1,"antlers:jerkey":1,"minecraft:wooden_axe":5,"minecraft:apple":1,"apocalypsenow:barbecuestick":22,"minecraft:stone_axe":106,"minecraft:cobblestone":34,"minecraft:oak_boat":1},"minecraft:custom":{"minecraft:interact_with_furnace":1,"minecraft:mob_kills":18,"minecraft:interact_with_crafting_table":6,"minecraft:open_barrel":18,"minecraft:interact_with_campfire":1,"minecraft:leave_game":9,"minecraft:time_since_death":17799,"minecraft:climb_one_cm":1008,"minecraft:time_since_rest":17827,"minecraft:sprint_one_cm":57496,"minecraft:damage_taken":2422,"minecraft:walk_one_cm":100669,"minecraft:drop":1,"minecraft:damage_dealt":5555,"minecraft:swim_one_cm":32965,"minecraft:fly_one_cm":127793,"minecraft:open_chest":9,"minecraft:crouch_one_cm":22143,"minecraft:play_time":88420,"minecraft:deaths":6,"minecraft:sneak_time":18733,"minecraft:walk_under_water_one_cm":16976,"minecraft:boat_one_cm":529198,"minecraft:jump":466,"minecraft:walk_on_water_one_cm":19308,"minecraft:total_world_time":88420,"minecraft:fall_one_cm":8970},"minecraft:broken":{"minecraft:stone_axe":1},"minecraft:mined":{"minecraft:torch":1,"minecraft:oak_wood":21,"minecraft:grass_block":4,"minecraft:cobblestone":15,"minecraft:oak_planks":8,"minecraft:stripped_oak_wood":2,"minecraft:grass":3,"minecraft:oak_log":59,"minecraft:coal_ore":1,"minecraft:dirt":2,"gnumus:fragile_gnumus_jug":3,"minecraft:bamboo":5,"minecraft:stone":4,"minecraft:oak_leaves":12},"minecraft:killed":{"minecraft:pig":1,"apocalypsenow:runner_40":2,"apocalypsenow:runner_37":2,"apocalypsenow:runner_49":2,"apocalypsenow:runner_35":4,"apocalypsenow:runner_39":2,"minecraft:sheep":6,"antlers:wendigomad":2,"apocalypsenow:runner_41":2,"apocalypsenow:runner_43":2,"apocalypsenow:runner_45":4,"apocalypsenow:runner_53":2,"apocalypsenow:runner_36":2,"apocalypsenow:runner_34":4},"minecraft:dropped":{"minecraft:pufferfish":1},"minecraft:killed_by":{"antlers:wendigo":1}},"DataVersion":3465}