{"stats":{"minecraft:picked_up":{"minecraft:crafting_table":5,"minecraft:leather":1,"minecraft:brown_bed":4,"minecraft:birch_planks":4,"minecraft:oak_log":47,"minecraft:lapis_lazuli":19,"minecraft:dirt":46,"minecraft:raw_copper":81,"minecraft:bone":7,"minecraft:apple":1,"minecraft:kelp":2,"supplementaries:present_black":1,"apocalypsenow:human_flesh":4,"minecraft:cobbled_deepslate":593,"minecraft:raw_gold":15,"minecraft:bamboo":64,"tacz:gun_smith_table":5,"minecraft:oak_planks":1,"minecraft:furnace":5,"minecraft:stick":2,"minecraft:raw_iron":36,"minecraft:glow_item_frame":2,"minecraft:torch":13,"minecraft:sand":44,"minecraft:redstone":67,"create:large_cogwheel":2,"minecraft:rotten_flesh":27,"minecraft:stone_axe":1,"minecraft:pumpkin_pie":1,"minecraft:deepslate_bricks":3,"minecraft:granite":70,"minecraft:bone_meal":1,"antlers:jerkey":12,"minecraft:oak_sapling":4,"minecraft:coal":57,"minecraft:cobblestone":523},"minecraft:custom":{"minecraft:interact_with_furnace":39,"minecraft:mob_kills":10,"minecraft:open_barrel":16,"minecraft:interact_with_crafting_table":18,"minecraft:interact_with_campfire":12,"minecraft:damage_dealt_resisted":5,"minecraft:interact_with_stonecutter":3,"minecraft:time_since_death":60348,"minecraft:sleep_in_bed":5,"minecraft:climb_one_cm":3752,"minecraft:time_since_rest":10103,"minecraft:sprint_one_cm":98715,"minecraft:damage_taken":901,"minecraft:walk_one_cm":272880,"minecraft:trigger_trapped_chest":1,"minecraft:damage_dealt":1761,"minecraft:talked_to_villager":1,"minecraft:swim_one_cm":41048,"minecraft:fly_one_cm":108874,"minecraft:open_chest":17,"minecraft:crouch_one_cm":21102,"minecraft:play_time":127611,"minecraft:deaths":3,"minecraft:sneak_time":8038,"minecraft:walk_under_water_one_cm":5938,"minecraft:jump":746,"minecraft:walk_on_water_one_cm":11876,"minecraft:interact_with_smoker":3,"minecraft:total_world_time":127611,"minecraft:fall_one_cm":8540},"minecraft:killed":{"apocalypsenow:looter_1":2,"born_in_chaos_v1:door_knight_not_despawn":2,"apocalypsenow:runner_37":2,"apocalypsenow:runner_49":2,"apocalypsenow:runner_39":2,"apocalypsenow:runner_54":2,"apocalypsenow:runner_35":2,"gnumus:pitcher_mousse":2,"born_in_chaos_v1:corpse_fish":2,"born_in_chaos_v1:door_knight":2},"minecraft:crafted":{"minecraft:oak_planks":164,"minecraft:deepslate":91,"minecraft:stone_shovel":1,"sophisticatedbackpacks:backpack":1,"minecraft:crafting_table":2,"minecraft:wooden_pickaxe":1,"minecraft:iron_helmet":1,"minecraft:furnace":2,"tacz:gun_smith_table":1,"minecraft:stone":18,"minecraft:campfire":1,"minecraft:stone_axe":1,"minecraft:air":0,"minecraft:iron_boots":1,"minecraft:iron_chestplate":1,"minecraft:leather":5,"justhammers:stone_hammer":5,"minecraft:stick":48,"quark:oak_chest":3,"minecraft:stone_pickaxe":1,"minecraft:iron_ingot":45,"minecraft:iron_pickaxe":1,"minecraft:iron_block":2,"minecraft:stonecutter":1,"minecraft:torch":80},"minecraft:mined":{"minecraft:spruce_planks":1,"minecraft:crafting_table":5,"minecraft:torch":6,"minecraft:granite":3,"supplementaries:present_black":1,"minecraft:grass_block":11,"minecraft:deepslate_bricks":4,"minecraft:copper_ore":1,"minecraft:cobblestone":10,"minecraft:oak_planks":1,"tacz:gun_smith_table":5,"minecraft:kelp":2,"minecraft:wall_torch":5,"supplementaries:urn":3,"minecraft:birch_planks":8,"minecraft:furnace":5,"minecraft:cobbled_deepslate":1,"minecraft:moss_carpet":1,"minecraft:brown_bed":4,"minecraft:grass":1,"minecraft:coal_ore":1,"minecraft:oak_log":47,"minecraft:sand":47,"minecraft:dirt":35,"gnumus:fragile_gnumus_jug":6,"minecraft:bamboo":9,"minecraft:stone":22,"world:leavesoak":2,"minecraft:oak_leaves":1,"minecraft:deepslate":5},"minecraft:used":{"supplementaries:present_black":1,"minecraft:stone_shovel":47,"minecraft:stone_pickaxe":16,"minecraft:oak_planks":90,"tacz:gun_smith_table":6,"minecraft:wooden_pickaxe":19,"minecraft:stonecutter":1,"minecraft:deepslate_bricks":188,"minecraft:torch":88,"apocalypsenow:black_football_armor_leggings":1,"minecraft:dirt":5,"minecraft:crafting_table":6,"minecraft:campfire":1,"antlers:jerkey":2,"minecraft:iron_pickaxe":46,"apocalypsenow:nutrition_bar":1,"justhammers:stone_hammer":137,"minecraft:stone_axe":98,"minecraft:enchanted_book":1,"minecraft:cobblestone":149,"minecraft:furnace":7,"quark:oak_chest":2,"alexsmobs:animal_dictionary":1,"minecraft:cobbled_deepslate":1,"minecraft:brown_bed":4}},"DataVersion":3465}