{"stats":{"minecraft:picked_up":{"minecraft:crafting_table":4,"minecraft:leather":1,"minecraft:brown_bed":4,"minecraft:birch_planks":4,"minecraft:oak_log":47,"minecraft:lapis_lazuli":19,"minecraft:dirt":46,"minecraft:raw_copper":81,"minecraft:bone":7,"minecraft:apple":1,"minecraft:kelp":1,"apocalypsenow:human_flesh":2,"minecraft:cobbled_deepslate":593,"minecraft:raw_gold":15,"minecraft:bamboo":64,"tacz:gun_smith_table":5,"minecraft:oak_planks":1,"minecraft:furnace":5,"minecraft:stick":2,"minecraft:raw_iron":36,"minecraft:torch":12,"minecraft:sand":44,"minecraft:redstone":67,"minecraft:rotten_flesh":27,"minecraft:deepslate_bricks":3,"minecraft:granite":70,"antlers:jerkey":12,"minecraft:oak_sapling":4,"minecraft:coal":57,"minecraft:cobblestone":517},"minecraft:custom":{"minecraft:interact_with_furnace":38,"minecraft:mob_kills":8,"minecraft:interact_with_crafting_table":17,"minecraft:interact_with_campfire":12,"minecraft:damage_dealt_resisted":5,"minecraft:interact_with_stonecutter":3,"minecraft:time_since_death":36348,"minecraft:sleep_in_bed":4,"minecraft:climb_one_cm":444,"minecraft:time_since_rest":9495,"minecraft:sprint_one_cm":84622,"minecraft:damage_taken":875,"minecraft:walk_one_cm":234178,"minecraft:damage_dealt":1401,"minecraft:swim_one_cm":29110,"minecraft:fly_one_cm":88188,"minecraft:open_chest":8,"minecraft:crouch_one_cm":20856,"minecraft:play_time":103611,"minecraft:deaths":3,"minecraft:sneak_time":7807,"minecraft:walk_under_water_one_cm":3131,"minecraft:jump":656,"minecraft:walk_on_water_one_cm":8352,"minecraft:interact_with_smoker":3,"minecraft:total_world_time":103611,"minecraft:fall_one_cm":6371},"minecraft:killed":{"born_in_chaos_v1:door_knight_not_despawn":2,"apocalypsenow:runner_37":2,"apocalypsenow:runner_49":2,"apocalypsenow:runner_39":2,"apocalypsenow:runner_54":2,"apocalypsenow:runner_35":2,"gnumus:pitcher_mousse":2,"born_in_chaos_v1:door_knight":2},"minecraft:crafted":{"minecraft:oak_planks":164,"minecraft:deepslate":91,"minecraft:stone_shovel":1,"minecraft:crafting_table":1,"minecraft:wooden_pickaxe":1,"minecraft:iron_helmet":1,"minecraft:furnace":2,"tacz:gun_smith_table":1,"minecraft:stone":18,"minecraft:campfire":1,"minecraft:stone_axe":1,"minecraft:air":0,"minecraft:iron_boots":1,"minecraft:iron_chestplate":1,"minecraft:leather":5,"justhammers:stone_hammer":5,"minecraft:stick":48,"quark:oak_chest":2,"minecraft:stone_pickaxe":1,"minecraft:iron_ingot":45,"minecraft:iron_pickaxe":1,"minecraft:iron_block":2,"minecraft:stonecutter":1,"minecraft:torch":80},"minecraft:mined":{"minecraft:spruce_planks":1,"minecraft:crafting_table":4,"minecraft:torch":5,"minecraft:granite":3,"minecraft:grass_block":11,"minecraft:deepslate_bricks":4,"minecraft:copper_ore":1,"minecraft:cobblestone":4,"minecraft:oak_planks":1,"tacz:gun_smith_table":5,"minecraft:kelp":1,"minecraft:wall_torch":4,"minecraft:birch_planks":8,"minecraft:furnace":5,"minecraft:cobbled_deepslate":1,"minecraft:brown_bed":4,"minecraft:grass":1,"minecraft:coal_ore":1,"minecraft:oak_log":47,"minecraft:sand":47,"minecraft:dirt":35,"gnumus:fragile_gnumus_jug":6,"minecraft:bamboo":9,"minecraft:stone":22,"world:leavesoak":2,"minecraft:oak_leaves":1,"minecraft:deepslate":5},"minecraft:used":{"minecraft:stone_shovel":47,"minecraft:stone_pickaxe":16,"minecraft:oak_planks":90,"tacz:gun_smith_table":6,"minecraft:wooden_pickaxe":19,"minecraft:stonecutter":1,"minecraft:deepslate_bricks":188,"minecraft:torch":86,"apocalypsenow:black_football_armor_leggings":1,"minecraft:dirt":5,"minecraft:crafting_table":5,"minecraft:campfire":1,"antlers:jerkey":1,"minecraft:iron_pickaxe":40,"apocalypsenow:nutrition_bar":1,"justhammers:stone_hammer":137,"minecraft:stone_axe":86,"minecraft:cobblestone":143,"minecraft:furnace":7,"quark:oak_chest":2,"alexsmobs:animal_dictionary":1,"minecraft:cobbled_deepslate":1,"minecraft:brown_bed":4}},"DataVersion":3465}