{"stats":{"minecraft:killed":{"minecraft:spider":4,"minecraft:iron_golem":2,"apocalypsenow:runner_50":2,"apocalypsenow:runner_54":2,"apocalypsenow:runner_35":2,"minecraft:creeper":2,"born_in_chaos_v1:bloody_gadfly":2,"minecraft:zombie":10,"apocalypsenow:walker_16":2,"apocalypsenow:runner_42":2,"apocalypsenow:runner_47":6,"apocalypsenow:runner_44":2,"apocalypsenow:runner_45":2,"bloodandmadness:huntsman_axe":2,"apocalypsenow:runner_53":2,"apocalypsenow:runner_36":2,"apocalypsenow:runner_38":2,"alexsmobs:fly":2,"born_in_chaos_v1:corpse_fish":2,"antlers:wendigo":2,"born_in_chaos_v1:door_knight":2,"alexsmobs:flying_fish":2,"mowziesmobs:naga":4},"minecraft:used":{"apocalypsenow:cooked_human_flesh":3,"minecraft:stone_shovel":19,"minecraft:stone_pickaxe":157,"pointblank:printer":1,"minecraft:ladder":7,"born_in_chaos_v1:darkwarblade":9,"minecraft:wooden_pickaxe":9,"apocalypsenow:laminated_iron_baseball_bat":4,"cataclysm:coral_bardiche":5,"bloodandmadness:eggs/iron_golem_spawn_egg":1,"minecraft:stonecutter":1,"apocalypsenow:ventcover":2,"minecraft:torch":53,"minecraft:dirt":3,"minecraft:crafting_table":4,"minecraft:red_bed":1,"minecraft:white_bed":1,"minecraft:campfire":2,"minecraft:glass":6,"antlers:jerkey":8,"minecraft:apple":1,"apocalypsenow:long_knife":61,"apocalypsenow:beer":1,"apocalypsenow:baseball_bat":3,"evilcraft:flesh_humanoid":1,"justhammers:stone_hammer":51,"born_in_chaos_v1:marigolds":2,"minecraft:stone_bricks":189,"minecraft:stone_axe":35,"minecraft:cobblestone":191,"minecraft:oak_sapling":17,"apocalypsenow:civilian_body_vest_chestplate":1,"minecraft:furnace":3,"quark:oak_chest":2,"apocalypsenow:human_flesh":1},"minecraft:custom":{"minecraft:interact_with_furnace":26,"minecraft:mob_kills":32,"minecraft:interact_with_crafting_table":18,"minecraft:interact_with_campfire":12,"minecraft:damage_dealt_resisted":802,"minecraft:interact_with_stonecutter":5,"minecraft:leave_game":3,"minecraft:time_since_death":47062,"minecraft:sleep_in_bed":7,"minecraft:climb_one_cm":1573,"minecraft:damage_resisted":1993,"minecraft:time_since_rest":9128,"minecraft:sprint_one_cm":135129,"minecraft:damage_taken":3242,"minecraft:walk_one_cm":234045,"minecraft:damage_dealt":3419,"minecraft:swim_one_cm":108412,"minecraft:fly_one_cm":247149,"minecraft:talked_to_villager":1,"minecraft:open_chest":13,"minecraft:play_time":162191,"minecraft:crouch_one_cm":40694,"minecraft:sneak_time":21587,"minecraft:deaths":4,"minecraft:walk_under_water_one_cm":22465,"minecraft:jump":1126,"minecraft:walk_on_water_one_cm":18399,"minecraft:total_world_time":162352,"minecraft:fall_one_cm":17547},"minecraft:killed_by":{"antlers:wendigo":1},"minecraft:mined":{"minecraft:white_bed":4,"born_in_chaos_v1:marigolds":2,"minecraft:red_bed":1,"minecraft:kelp_plant":2,"minecraft:crafting_table":4,"minecraft:torch":7,"minecraft:grass_block":4,"minecraft:campfire":1,"minecraft:tall_grass":6,"minecraft:cobblestone":59,"apocalypsenow:medical_box":4,"minecraft:kelp":8,"minecraft:wall_torch":7,"minecraft:black_stained_glass_pane":2,"apocalypsenow:ventcover":1,"gnumus:scion_weed":1,"minecraft:furnace":2,"minecraft:grass":10,"minecraft:oak_log":31,"minecraft:sand":18,"minecraft:dirt":9,"minecraft:stone":74,"minecraft:oak_leaves":5},"minecraft:picked_up":{"minecraft:charcoal":2,"minecraft:crafting_table":4,"apocalypsenow:medical_box":4,"minecraft:oak_log":31,"supplementaries:flax_seeds":1,"evilcraft:flesh_humanoid":3,"minecraft:gunpowder":3,"minecraft:dirt":16,"minecraft:red_bed":1,"minecraft:string":1,"apocalypsenow:cooked_human_flesh":3,"born_in_chaos_v1:marigolds":2,"minecraft:leather_boots":1,"apocalypsenow:alcohol":1,"minecraft:bone":1,"minecraft:apple":1,"minecraft:kelp":6,"apocalypsenow:bandage":1,"apocalypsenow:human_flesh":4,"minecraft:wheat_seeds":4,"minecraft:iron_ingot":5,"minecraft:poppy":2,"minecraft:furnace":2,"minecraft:stick":14,"minecraft:raw_iron":4,"minecraft:torch":24,"minecraft:sand":19,"pointblank:gunmetal_nugget":34,"minecraft:ink_sac":1,"minecraft:white_bed":3,"minecraft:spider_eye":2,"minecraft:rotten_flesh":16,"minecraft:slime_ball":1,"k_turrets:raw_titanium":10,"minecraft:bone_meal":1,"alexsmobs:maggot":1,"antlers:jerkey":9,"minecraft:oak_sapling":17,"apocalypsenow:ventcover":1,"minecraft:coal":138,"alexsmobs:flying_fish":2,"minecraft:cobblestone":451},"minecraft:crafted":{"minecraft:smooth_stone":3,"minecraft:oak_planks":64,"minecraft:stone_shovel":1,"pointblank:gunmetal_ingot":2,"minecraft:wooden_pickaxe":1,"minecraft:furnace":1,"minecraft:stone":198,"minecraft:campfire":2,"minecraft:stone_axe":1,"minecraft:air":0,"minecraft:glass":19,"justhammers:stone_hammer":1,"minecraft:ladder":8,"minecraft:stick":40,"quark:oak_chest":2,"minecraft:stone_pickaxe":3,"minecraft:stonecutter":1,"minecraft:torch":44},"minecraft:broken":{"minecraft:stone_pickaxe":2}},"DataVersion":3465}