{"stat.walkOneCm":42242,"stat.pickup.minecraft.stick":10,"stat.useItem.notreepunching.knife/flint":25,"stat.pickup.minecraft.gravel":22,"stat.useItem.minecraft.log":4,"stat.pickup.minecraft.crafting_table":1,"stat.craftItem.minecraft.crafting_table":1,"stat.pickup.minecraft.flint":4,"stat.furnaceInteraction":2,"stat.useItem.minecraft.gravel":3,"stat.mineBlock.minecraft.double_plant":6,"stat.mineBlock.minecraft.coal_ore":1,"stat.pickup.minecraft.log":17,"stat.craftItem.notreepunching.grass_string":5,"stat.swimOneCm":4555,"stat.jump":386,"stat.pickup.minecraft.coal":1,"stat.fallOneCm":9569,"stat.pickup.notreepunching.grass_fiber":17,"stat.useItem.minecraft.planks":3,"stat.useItem.notreepunching.axe/flint":5,"stat.crouchOneCm":940,"stat.pickup.minecraft.dirt":6,"stat.useItem.minecraft.dirt":1,"stat.sprintOneCm":51954,"stat.useItem.minecraft.stone_slab2":18,"stat.useItem.rustic.wildberries":4,"stat.craftingTableInteraction":8,"stat.pickup.notreepunching.flint_shard":8,"stat.craftItem.minecraft.furnace":1,"stat.craftItem.minecraft.stone_axe":1,"stat.damageTaken":530,"stat.mineBlock.minecraft.crafting_table":1,"stat.pickup.notreepunching.rock/stone":67,"stat.waystones:waystonesActivated":1,"stat.craftItem.minecraft.stone_pickaxe":1,"stat.pickup.dynamictrees.oakseed":1,"stat.pickup.minecraft.planks":8,"stat.flyOneCm":98656,"stat.deaths":3,"stat.pickup.minecraft.wheat_seeds":3,"stat.craftItem.notreepunching.axe/flint":1,"stat.pickup.iceandfire.ash":1,"stat.useItem.notreepunching.pickaxe/flint":23,"stat.playOneMinute":22687,"stat.mineBlock.minecraft.gravel":26,"stat.useItem.minecraft.stone_pickaxe":3,"stat.craftItem.notreepunching.pickaxe/flint":1,"stat.sneakTime":202,"stat.pickup.minecraft.wool":2,"stat.timeSinceDeath":12423,"stat.mineBlock.minecraft.dirt":9,"stat.craftItem.notreepunching.knife/flint":1,"stat.mineBlock.minecraft.stone":25,"stat.craftItem.minecraft.cobblestone":15,"stat.mineBlock.minecraft.tallgrass":28,"stat.diveOneCm":9748,"stat.pickup.minecraft.mutton":4}