{"stats":{"minecraft:crafted":{"minecraft:oak_planks":52,"minecraft:crafting_table":1,"minecraft:stick":4,"minecraft:stone_pickaxe":1,"minecraft:torch":12,"minecraft:stone_axe":1},"minecraft:used":{"minecraft:apple":1,"minecraft:stone_pickaxe":9,"minecraft:stone_axe":33,"minecraft:torch":2,"minecraft:cobblestone":13},"minecraft:picked_up":{"minecraft:stick":3,"minecraft:oak_log":20,"minecraft:raw_copper":1,"minecraft:dirt":3,"evilcraft:poison_sac":1,"minecraft:arrow":2,"minecraft:bone":2,"minecraft:rotten_flesh":10,"minecraft:apple":1,"minecraft:wheat_seeds":4,"apocalypsenow:human_flesh":2,"minecraft:rabbit_hide":1,"minecraft:bamboo":40,"minecraft:oak_sapling":7,"minecraft:sugar_cane":2,"minecraft:coal":23,"minecraft:cobblestone":7},"minecraft:custom":{"minecraft:time_since_rest":7661,"minecraft:interact_with_furnace":1,"minecraft:sprint_one_cm":42098,"minecraft:damage_taken":1704,"minecraft:walk_one_cm":54918,"minecraft:mob_kills":10,"minecraft:damage_dealt":1566,"minecraft:interact_with_crafting_table":1,"minecraft:swim_one_cm":10920,"minecraft:fly_one_cm":65970,"minecraft:open_barrel":18,"minecraft:open_chest":6,"minecraft:crouch_one_cm":3166,"minecraft:play_time":40420,"minecraft:deaths":5,"minecraft:sneak_time":12995,"minecraft:walk_under_water_one_cm":2148,"minecraft:jump":320,"minecraft:time_since_death":5070,"minecraft:walk_on_water_one_cm":10053,"minecraft:leave_game":9,"minecraft:climb_one_cm":504,"minecraft:total_world_time":40420,"minecraft:fall_one_cm":6454},"minecraft:mined":{"minecraft:grass":2,"minecraft:coal_ore":1,"minecraft:grass_block":3,"minecraft:oak_log":20,"minecraft:dirt":2,"minecraft:cobblestone":3,"gnumus:fragile_gnumus_jug":3,"minecraft:bamboo":4,"minecraft:stone":4,"minecraft:oak_leaves":4},"minecraft:killed":{"apocalypsenow:runner_40":2,"apocalypsenow:runner_43":2,"apocalypsenow:runner_45":4,"apocalypsenow:runner_37":2,"apocalypsenow:runner_49":2,"apocalypsenow:runner_34":4,"apocalypsenow:runner_35":4},"minecraft:killed_by":{"antlers:wendigo":1}},"DataVersion":3465}