{"stats":{"minecraft:used":{"quark:spruce_vertical_slab":13,"world:oak":1,"minecraft:light":10,"quark:oak_vertical_slab":4,"minecraft:stripped_oak_wood":20,"minecraft:black_carpet":1,"minecraft:campfire":2,"minecraft:spruce_planks":36,"minecraft:stripped_spruce_log":8},"minecraft:custom":{"minecraft:time_since_rest":12040,"minecraft:crouch_one_cm":7513,"minecraft:damage_taken":45,"minecraft:play_time":32462,"minecraft:sprint_one_cm":16341,"minecraft:deaths":1,"minecraft:walk_one_cm":53899,"minecraft:sneak_time":4493,"minecraft:walk_under_water_one_cm":1087,"minecraft:mob_kills":6,"minecraft:jump":265,"minecraft:damage_dealt":1521,"minecraft:leave_game":3,"minecraft:walk_on_water_one_cm":1303,"minecraft:time_since_death":11581,"minecraft:total_world_time":32462,"minecraft:fall_one_cm":1312,"minecraft:fly_one_cm":46534},"minecraft:mined":{"world:oak":1},"minecraft:killed":{"apocalypsenow:runner_35":2,"apocalypsenow:runner_34":2,"apocalypsenow:runner_55":2,"apocalypsenow:runner_48":2,"apocalypsenow:runner_41":4},"minecraft:picked_up":{"world:oak":1,"minecraft:rotten_flesh":1}},"DataVersion":3465}