{"stats":{"minecraft:killed":{"minecraft:spider":4,"minecraft:iron_golem":2,"apocalypsenow:runner_54":2,"apocalypsenow:runner_35":2,"minecraft:creeper":2,"born_in_chaos_v1:bloody_gadfly":2,"minecraft:zombie":8,"apocalypsenow:runner_47":4,"apocalypsenow:runner_44":2,"apocalypsenow:runner_45":2,"bloodandmadness:huntsman_axe":2,"apocalypsenow:runner_53":2,"apocalypsenow:runner_38":2,"alexsmobs:fly":2,"born_in_chaos_v1:corpse_fish":2,"antlers:wendigo":2,"born_in_chaos_v1:door_knight":2,"mowziesmobs:naga":4},"minecraft:mined":{"minecraft:white_bed":4,"born_in_chaos_v1:marigolds":2,"minecraft:red_bed":1,"minecraft:crafting_table":4,"minecraft:torch":4,"minecraft:grass_block":4,"minecraft:campfire":1,"minecraft:tall_grass":5,"minecraft:cobblestone":25,"apocalypsenow:medical_box":4,"minecraft:kelp":1,"minecraft:wall_torch":1,"minecraft:black_stained_glass_pane":2,"gnumus:scion_weed":1,"minecraft:furnace":1,"minecraft:grass":10,"minecraft:oak_log":22,"minecraft:dirt":6,"minecraft:stone":63,"minecraft:oak_leaves":3},"minecraft:crafted":{"minecraft:smooth_stone":3,"minecraft:oak_planks":32,"pointblank:gunmetal_ingot":2,"minecraft:wooden_pickaxe":1,"minecraft:furnace":1,"minecraft:stone":6,"minecraft:campfire":2,"minecraft:stone_axe":1,"justhammers:stone_hammer":1,"minecraft:stick":12,"quark:oak_chest":2,"minecraft:stone_pickaxe":2,"minecraft:torch":12},"minecraft:custom":{"minecraft:interact_with_furnace":4,"minecraft:mob_kills":25,"minecraft:interact_with_crafting_table":11,"minecraft:interact_with_campfire":5,"minecraft:damage_dealt_resisted":802,"minecraft:leave_game":2,"minecraft:time_since_death":24023,"minecraft:sleep_in_bed":3,"minecraft:damage_resisted":229,"minecraft:time_since_rest":7843,"minecraft:sprint_one_cm":69145,"minecraft:damage_taken":400,"minecraft:walk_one_cm":107363,"minecraft:damage_dealt":2017,"minecraft:fly_one_cm":146856,"minecraft:swim_one_cm":39524,"minecraft:talked_to_villager":1,"minecraft:open_chest":10,"minecraft:crouch_one_cm":17802,"minecraft:play_time":70678,"minecraft:deaths":1,"minecraft:sneak_time":9057,"minecraft:walk_under_water_one_cm":5416,"minecraft:jump":482,"minecraft:walk_on_water_one_cm":5325,"minecraft:total_world_time":70678,"minecraft:fall_one_cm":4971},"minecraft:broken":{"minecraft:stone_pickaxe":1},"minecraft:used":{"minecraft:stone_pickaxe":105,"pointblank:printer":1,"born_in_chaos_v1:darkwarblade":9,"minecraft:wooden_pickaxe":9,"apocalypsenow:laminated_iron_baseball_bat":4,"cataclysm:coral_bardiche":5,"bloodandmadness:eggs/iron_golem_spawn_egg":1,"minecraft:torch":14,"minecraft:crafting_table":4,"minecraft:red_bed":1,"minecraft:campfire":2,"minecraft:white_bed":1,"antlers:jerkey":3,"apocalypsenow:long_knife":30,"apocalypsenow:beer":1,"justhammers:stone_hammer":22,"born_in_chaos_v1:marigolds":2,"minecraft:stone_axe":23,"minecraft:cobblestone":153,"minecraft:furnace":2,"apocalypsenow:civilian_body_vest_chestplate":1,"minecraft:oak_sapling":15,"quark:oak_chest":2},"minecraft:picked_up":{"minecraft:charcoal":2,"minecraft:crafting_table":4,"apocalypsenow:medical_box":4,"minecraft:oak_log":22,"evilcraft:flesh_humanoid":1,"minecraft:gunpowder":3,"minecraft:red_bed":1,"minecraft:dirt":13,"minecraft:string":1,"apocalypsenow:alcohol":1,"born_in_chaos_v1:marigolds":2,"minecraft:leather_boots":1,"minecraft:bone":1,"minecraft:apple":1,"apocalypsenow:bandage":1,"minecraft:wheat_seeds":4,"minecraft:iron_ingot":5,"minecraft:poppy":2,"minecraft:furnace":1,"minecraft:stick":8,"minecraft:torch":6,"pointblank:gunmetal_nugget":29,"minecraft:ink_sac":1,"minecraft:white_bed":3,"minecraft:spider_eye":2,"minecraft:rotten_flesh":10,"minecraft:slime_ball":1,"k_turrets:raw_titanium":10,"minecraft:bone_meal":1,"alexsmobs:maggot":1,"antlers:jerkey":5,"minecraft:oak_sapling":15,"minecraft:coal":121,"alexsmobs:flying_fish":1,"minecraft:cobblestone":261}},"DataVersion":3465}