{"stats":{"minecraft:custom":{"minecraft:time_since_rest":20599,"minecraft:crouch_one_cm":1335,"minecraft:play_time":20599,"minecraft:sprint_one_cm":20027,"minecraft:walk_one_cm":28081,"minecraft:sneak_time":1662,"minecraft:mob_kills":19,"minecraft:damage_dealt_resisted":802,"minecraft:jump":133,"minecraft:damage_dealt":1166,"minecraft:leave_game":1,"minecraft:time_since_death":20599,"minecraft:total_world_time":20599,"minecraft:interact_with_crafting_table":2,"minecraft:fly_one_cm":85731},"minecraft:used":{"born_in_chaos_v1:darkwarblade":9,"pointblank:printer":1,"cataclysm:coral_bardiche":5,"apocalypsenow:laminated_iron_baseball_bat":4,"bloodandmadness:eggs/iron_golem_spawn_egg":1},"minecraft:picked_up":{"minecraft:leather_boots":1,"minecraft:slime_ball":1,"minecraft:bone":1,"minecraft:rotten_flesh":5,"minecraft:iron_ingot":5,"pointblank:gunmetal_nugget":11,"minecraft:poppy":2,"alexsmobs:maggot":1,"minecraft:gunpowder":3,"minecraft:cobblestone":8,"minecraft:dirt":3},"minecraft:killed":{"bloodandmadness:huntsman_axe":2,"minecraft:iron_golem":2,"apocalypsenow:runner_53":2,"alexsmobs:fly":2,"apocalypsenow:runner_38":2,"born_in_chaos_v1:bloody_gadfly":2,"antlers:wendigo":2,"born_in_chaos_v1:door_knight":2,"minecraft:zombie":8,"minecraft:creeper":2,"apocalypsenow:runner_47":4,"apocalypsenow:runner_44":2,"mowziesmobs:naga":4}},"DataVersion":3465}