{"stats":{"minecraft:picked_up":{"minecraft:stick":2,"minecraft:raw_iron":12,"minecraft:oak_log":11,"minecraft:dirt":29,"minecraft:raw_copper":58,"minecraft:granite":70,"minecraft:oak_sapling":3,"minecraft:coal":49,"minecraft:cobblestone":395},"minecraft:custom":{"minecraft:time_since_rest":19611,"minecraft:interact_with_furnace":4,"minecraft:sprint_one_cm":3852,"minecraft:walk_one_cm":19009,"minecraft:interact_with_crafting_table":4,"minecraft:swim_one_cm":1132,"minecraft:fly_one_cm":6387,"minecraft:crouch_one_cm":1544,"minecraft:play_time":19611,"minecraft:sneak_time":2042,"minecraft:walk_under_water_one_cm":24,"minecraft:jump":88,"minecraft:walk_on_water_one_cm":274,"minecraft:time_since_death":19611,"minecraft:total_world_time":19611},"minecraft:mined":{"minecraft:granite":3,"minecraft:oak_log":11,"minecraft:grass_block":3,"minecraft:coal_ore":1,"minecraft:dirt":26,"minecraft:copper_ore":1,"minecraft:stone":20,"world:leavesoak":2,"minecraft:oak_leaves":1},"minecraft:crafted":{"minecraft:oak_planks":44,"justhammers:stone_hammer":1,"minecraft:crafting_table":1,"minecraft:stick":12,"minecraft:wooden_pickaxe":1,"minecraft:stone_pickaxe":1,"minecraft:furnace":1,"minecraft:stone":3,"minecraft:torch":20,"minecraft:stone_axe":1,"minecraft:air":0},"minecraft:used":{"minecraft:stone_pickaxe":12,"minecraft:wooden_pickaxe":19,"justhammers:stone_hammer":53,"minecraft:torch":6,"minecraft:dirt":2,"minecraft:crafting_table":1,"minecraft:furnace":1,"alexsmobs:animal_dictionary":1}},"DataVersion":3465}