{"stats":{"minecraft:custom":{"minecraft:open_barrel":18,"minecraft:time_since_rest":13424,"minecraft:open_chest":6,"minecraft:walk_one_cm":17429,"minecraft:crouch_one_cm":1081,"minecraft:play_time":17127,"minecraft:interact_with_furnace":1,"minecraft:sprint_one_cm":9236,"minecraft:damage_taken":485,"minecraft:deaths":1,"minecraft:sneak_time":2158,"minecraft:jump":97,"minecraft:damage_dealt":89,"minecraft:leave_game":1,"minecraft:time_since_death":13396,"minecraft:walk_on_water_one_cm":704,"minecraft:climb_one_cm":42,"minecraft:total_world_time":17127,"minecraft:interact_with_crafting_table":1,"minecraft:fall_one_cm":3617,"minecraft:fly_one_cm":27860},"minecraft:mined":{"minecraft:grass":1,"minecraft:oak_log":13,"minecraft:cobblestone":2,"minecraft:oak_leaves":4},"minecraft:crafted":{"minecraft:oak_planks":52,"minecraft:stone_axe":1,"minecraft:crafting_table":1,"minecraft:stick":4,"minecraft:stone_pickaxe":1},"minecraft:used":{"minecraft:stone_axe":1,"minecraft:apple":1,"minecraft:cobblestone":8,"minecraft:stone_pickaxe":2},"minecraft:picked_up":{"minecraft:stick":3,"minecraft:apple":1,"minecraft:oak_log":13,"minecraft:oak_sapling":7,"minecraft:cobblestone":1}},"DataVersion":3465}