{"stats":{"minecraft:killed":{"minecraft:spider":4,"minecraft:iron_golem":2,"apocalypsenow:runner_54":2,"apocalypsenow:runner_35":2,"minecraft:creeper":2,"born_in_chaos_v1:bloody_gadfly":2,"minecraft:zombie":8,"apocalypsenow:runner_47":4,"apocalypsenow:runner_44":2,"apocalypsenow:runner_45":2,"bloodandmadness:huntsman_axe":2,"apocalypsenow:runner_53":2,"apocalypsenow:runner_38":2,"alexsmobs:fly":2,"born_in_chaos_v1:corpse_fish":2,"antlers:wendigo":2,"born_in_chaos_v1:door_knight":2,"mowziesmobs:naga":4},"minecraft:mined":{"minecraft:white_bed":4,"born_in_chaos_v1:marigolds":2,"minecraft:red_bed":1,"minecraft:crafting_table":3,"minecraft:torch":4,"minecraft:grass_block":4,"minecraft:tall_grass":5,"minecraft:cobblestone":10,"apocalypsenow:medical_box":4,"minecraft:black_stained_glass_pane":2,"gnumus:scion_weed":1,"minecraft:grass":10,"minecraft:oak_log":22,"minecraft:dirt":6,"minecraft:stone":61,"minecraft:oak_leaves":3},"minecraft:custom":{"minecraft:mob_kills":25,"minecraft:interact_with_crafting_table":7,"minecraft:interact_with_campfire":4,"minecraft:damage_dealt_resisted":802,"minecraft:leave_game":1,"minecraft:time_since_death":5185,"minecraft:sleep_in_bed":2,"minecraft:damage_resisted":223,"minecraft:time_since_rest":2860,"minecraft:sprint_one_cm":66274,"minecraft:damage_taken":392,"minecraft:walk_one_cm":87284,"minecraft:damage_dealt":2017,"minecraft:fly_one_cm":144493,"minecraft:swim_one_cm":17826,"minecraft:talked_to_villager":1,"minecraft:open_chest":9,"minecraft:crouch_one_cm":5854,"minecraft:play_time":51840,"minecraft:deaths":1,"minecraft:sneak_time":5823,"minecraft:walk_under_water_one_cm":719,"minecraft:jump":444,"minecraft:walk_on_water_one_cm":2513,"minecraft:total_world_time":51840,"minecraft:fall_one_cm":4704},"minecraft:crafted":{"minecraft:oak_planks":16,"minecraft:wooden_pickaxe":1,"minecraft:campfire":1,"minecraft:stone_axe":1,"minecraft:stick":12,"minecraft:stone_pickaxe":2,"minecraft:torch":12},"minecraft:broken":{"minecraft:stone_pickaxe":1},"minecraft:used":{"minecraft:stone_pickaxe":87,"pointblank:printer":1,"born_in_chaos_v1:darkwarblade":9,"minecraft:wooden_pickaxe":9,"apocalypsenow:laminated_iron_baseball_bat":4,"cataclysm:coral_bardiche":5,"bloodandmadness:eggs/iron_golem_spawn_egg":1,"minecraft:torch":13,"minecraft:crafting_table":3,"minecraft:red_bed":1,"minecraft:campfire":1,"minecraft:white_bed":1,"apocalypsenow:long_knife":30,"apocalypsenow:beer":1,"born_in_chaos_v1:marigolds":2,"minecraft:stone_axe":21,"minecraft:cobblestone":35,"apocalypsenow:civilian_body_vest_chestplate":1,"minecraft:oak_sapling":15},"minecraft:picked_up":{"minecraft:crafting_table":3,"apocalypsenow:medical_box":4,"minecraft:oak_log":22,"evilcraft:flesh_humanoid":1,"minecraft:gunpowder":3,"minecraft:red_bed":1,"minecraft:dirt":13,"minecraft:string":1,"apocalypsenow:alcohol":1,"born_in_chaos_v1:marigolds":2,"minecraft:leather_boots":1,"minecraft:bone":1,"minecraft:apple":1,"apocalypsenow:bandage":1,"minecraft:wheat_seeds":4,"minecraft:iron_ingot":5,"minecraft:poppy":2,"minecraft:stick":8,"minecraft:torch":4,"pointblank:gunmetal_nugget":29,"minecraft:ink_sac":1,"minecraft:white_bed":3,"minecraft:spider_eye":2,"minecraft:rotten_flesh":10,"minecraft:slime_ball":1,"k_turrets:raw_titanium":10,"minecraft:bone_meal":1,"alexsmobs:maggot":1,"minecraft:oak_sapling":15,"minecraft:coal":120,"minecraft:cobblestone":79}},"DataVersion":3465}