{"stat.chestOpened":5,"stat.pickup.minecraft.gravel":77,"stat.leaveGame":2,"stat.pickup.minecraft.iron_sword":1,"stat.pickup.minecraft.waterlily":2,"stat.mineBlock.minecraft.cobblestone":3,"stat.pickup.minecraft.stone_pickaxe":1,"stat.pickup.minecraft.flint":12,"stat.pickup.minecraft.leather_chestplate":1,"stat.useItem.minecraft.carpet":9,"stat.craftItem.minecraft.coal":14,"stat.craftItem.notreepunching.grass_string":10,"stat.swimOneCm":13968,"stat.jump":1156,"stat.pickup.minecraft.coal":8,"stat.fallOneCm":28755,"stat.useItem.minecraft.planks":3,"stat.climbOneCm":832,"stat.mineBlock.minecraft.spruce_stairs":1,"stat.useItem.notreepunching.axe/flint":18,"stat.crouchOneCm":14574,"stat.pickup.minecraft.dirt":39,"stat.useItem.minecraft.dirt":29,"stat.useItem.minecraft.stone_slab2":65,"stat.craftingTableInteraction":13,"stat.craftItem.minecraft.furnace":2,"roc.kill":1,"stat.pickup.quark.custom_chest":1,"stat.craftItem.minecraft.stone_axe":1,"stat.damageTaken":2226,"stat.pickup.notreepunching.rock/stone":245,"stat.pickup.notreepunching.pickaxe/flint":1,"stat.craftItem.minecraft.stone_pickaxe":2,"stat.mineBlock.minecraft.furnace":1,"stat.pickup.minecraft.cobblestone":116,"stat.mineBlock.minecraft.carpet":13,"stat.pickup.minecraft.planks":28,"stat.flyOneCm":261361,"stat.pickup.minecraft.bed":2,"stat.pickup.minecraft.wheat_seeds":5,"stat.pickup.iceandfire.ash":1,"stat.useItem.notreepunching.pickaxe/flint":36,"stat.mineBlock.quark.custom_chest":1,"stat.drop.minecraft.wheat_seeds":2,"stat.mineBlock.minecraft.gravel":89,"stat.useItem.minecraft.stone_pickaxe":67,"stat.craftItem.notreepunching.pickaxe/flint":2,"stat.damageDealt":355,"stat.sleepInBed":1,"stat.timeSinceDeath":27,"stat.mineBlock.minecraft.dirt":46,"stat.pickup.minecraft.mutton":4,"stat.mineBlock.minecraft.monster_egg":1,"stat.walkOneCm":153817,"stat.pickup.minecraft.stick":88,"stat.useItem.notreepunching.knife/flint":63,"stat.mineBlock.minecraft.vine":2,"stat.useItem.minecraft.log":16,"stat.pickup.minecraft.crafting_table":3,"stat.pickup.rustic.wildberries":6,"stat.useItem.minecraft.cobblestone":2,"stat.craftItem.minecraft.crafting_table":2,"stat.furnaceInteraction":8,"stat.pickup.inspirations.carpeted_trapdoor_black":1,"stat.useItem.minecraft.gravel":28,"stat.mineBlock.minecraft.double_plant":6,"stat.pickup.minecraft.carpet":13,"stat.mineBlock.minecraft.coal_ore":5,"stat.pickup.minecraft.log":53,"stat.pickup.notreepunching.grass_fiber":34,"stat.pickup.minecraft.furnace":2,"stat.craftItem.realistictorches.torch_unlit":4,"stat.entityKilledBy.Skeleton":2,"stat.craftItem.minecraft.stone_slab2":0,"stat.pickup.minecraft.baked_potato":9,"stat.sprintOneCm":142428,"stat.pickup.minecraft.paper":8,"stat.useItem.rustic.wildberries":10,"stat.pickup.notreepunching.flint_shard":34,"stat.drop.dynamictrees.oakseed":1,"stat.useItem.carryon.tile_item":3,"stat.mineBlock.minecraft.crafting_table":3,"stat.waystones:waystonesActivated":1,"stat.mobKills":1,"stat.pickup.dynamictrees.oakseed":2,"stat.mineBlock.minecraft.log":1,"stat.pickup.notreepunching.grass_string":3,"stat.mineBlock.minecraft.waterlily":2,"stat.useItem.carryon.entity_item":1,"stat.deaths":10,"stat.craftItem.notreepunching.axe/flint":2,"stat.drop":3,"stat.mineBlock.minecraft.leaves":1,"stat.craftItem.minecraft.paper":4,"stat.playOneMinute":85867,"stat.entityKilledBy.Silverfish":1,"stat.pickup.minecraft.spruce_stairs":1,"stat.sneakTime":4347,"stat.pickup.minecraft.wool":2,"stat.craftItem.notreepunching.knife/flint":2,"stat.mineBlock.minecraft.stone":85,"stat.craftItem.minecraft.cobblestone":55,"stat.mineBlock.minecraft.tallgrass":63,"stat.craftItem.minecraft.cooked_mutton":4,"stat.diveOneCm":23914}