{"stats":{"minecraft:picked_up":{"minecraft:stick":2,"minecraft:oak_log":11,"minecraft:oak_sapling":3,"minecraft:dirt":7,"minecraft:cobblestone":5},"minecraft:custom":{"minecraft:time_since_rest":7611,"minecraft:crouch_one_cm":1105,"minecraft:play_time":7611,"minecraft:sprint_one_cm":2780,"minecraft:walk_one_cm":4678,"minecraft:sneak_time":1689,"minecraft:walk_under_water_one_cm":24,"minecraft:jump":14,"minecraft:time_since_death":7611,"minecraft:walk_on_water_one_cm":274,"minecraft:total_world_time":7611,"minecraft:swim_one_cm":1132,"minecraft:interact_with_crafting_table":1,"minecraft:fly_one_cm":5932},"minecraft:crafted":{"minecraft:oak_planks":44,"minecraft:crafting_table":1,"minecraft:wooden_pickaxe":1},"minecraft:mined":{"minecraft:grass_block":3,"minecraft:oak_log":11,"minecraft:dirt":4,"minecraft:stone":5,"world:leavesoak":2,"minecraft:oak_leaves":1},"minecraft:used":{"minecraft:dirt":2,"minecraft:crafting_table":1,"alexsmobs:animal_dictionary":1,"minecraft:wooden_pickaxe":5}},"DataVersion":3465}