{"stats":{"minecraft:picked_up":{"minecraft:crafting_table":3,"minecraft:stick":2,"minecraft:raw_iron":36,"minecraft:leather":1,"minecraft:torch":4,"minecraft:birch_planks":4,"minecraft:oak_log":47,"minecraft:redstone":67,"minecraft:lapis_lazuli":19,"minecraft:dirt":43,"minecraft:raw_copper":81,"minecraft:bone":1,"minecraft:apple":1,"minecraft:rotten_flesh":23,"apocalypsenow:human_flesh":1,"minecraft:cobbled_deepslate":592,"minecraft:raw_gold":14,"minecraft:granite":70,"minecraft:oak_sapling":4,"minecraft:coal":57,"minecraft:cobblestone":513,"minecraft:furnace":5},"minecraft:custom":{"minecraft:time_since_rest":4829,"minecraft:interact_with_furnace":20,"minecraft:sprint_one_cm":52469,"minecraft:damage_taken":539,"minecraft:walk_one_cm":97146,"minecraft:mob_kills":5,"minecraft:damage_dealt":907,"minecraft:interact_with_crafting_table":9,"minecraft:swim_one_cm":6733,"minecraft:fly_one_cm":44027,"minecraft:open_chest":1,"minecraft:crouch_one_cm":10985,"minecraft:play_time":55611,"minecraft:deaths":2,"minecraft:sneak_time":5041,"minecraft:walk_under_water_one_cm":564,"minecraft:damage_dealt_resisted":5,"minecraft:jump":425,"minecraft:walk_on_water_one_cm":4808,"minecraft:time_since_death":4802,"minecraft:total_world_time":55611,"minecraft:fall_one_cm":2479},"minecraft:killed":{"born_in_chaos_v1:door_knight_not_despawn":2,"born_in_chaos_v1:door_knight":2,"apocalypsenow:runner_39":2,"apocalypsenow:runner_35":2,"apocalypsenow:runner_54":2},"minecraft:crafted":{"minecraft:oak_planks":44,"minecraft:iron_boots":1,"minecraft:iron_chestplate":1,"minecraft:leather":1,"justhammers:stone_hammer":5,"minecraft:crafting_table":1,"minecraft:iron_helmet":1,"minecraft:stick":36,"minecraft:iron_pickaxe":1,"minecraft:iron_ingot":45,"minecraft:wooden_pickaxe":1,"minecraft:stone_pickaxe":1,"minecraft:iron_block":1,"minecraft:furnace":2,"minecraft:stone":15,"minecraft:torch":60,"minecraft:stone_axe":1,"minecraft:air":0},"minecraft:mined":{"minecraft:birch_planks":4,"minecraft:furnace":5,"minecraft:crafting_table":3,"minecraft:granite":3,"minecraft:oak_log":47,"minecraft:grass_block":8,"minecraft:coal_ore":1,"minecraft:dirt":35,"minecraft:copper_ore":1,"gnumus:fragile_gnumus_jug":1,"minecraft:stone":22,"world:leavesoak":2,"minecraft:oak_leaves":1,"minecraft:deepslate":5,"minecraft:wall_torch":1},"minecraft:used":{"minecraft:stone_pickaxe":16,"minecraft:iron_pickaxe":20,"minecraft:wooden_pickaxe":19,"justhammers:stone_hammer":137,"minecraft:stone_axe":59,"minecraft:torch":64,"minecraft:dirt":5,"minecraft:cobblestone":17,"minecraft:crafting_table":3,"minecraft:furnace":5,"alexsmobs:animal_dictionary":1}},"DataVersion":3465}