{"stats":{"minecraft:killed":{"born_in_chaos_v1:bloody_gadfly":2,"minecraft:zombie":8,"apocalypsenow:runner_47":4,"apocalypsenow:runner_44":2,"bloodandmadness:huntsman_axe":2,"apocalypsenow:runner_53":2,"minecraft:iron_golem":2,"alexsmobs:fly":2,"apocalypsenow:runner_38":2,"antlers:wendigo":2,"born_in_chaos_v1:door_knight":2,"minecraft:creeper":2,"mowziesmobs:naga":4},"minecraft:mined":{"minecraft:black_stained_glass_pane":2,"minecraft:red_bed":1,"minecraft:crafting_table":1,"minecraft:oak_log":4,"minecraft:dirt":1,"minecraft:stone":8,"minecraft:oak_leaves":1},"minecraft:crafted":{"minecraft:oak_planks":16,"minecraft:stick":8,"minecraft:stone_pickaxe":1,"minecraft:wooden_pickaxe":1},"minecraft:custom":{"minecraft:time_since_rest":27840,"minecraft:sprint_one_cm":41582,"minecraft:damage_taken":20,"minecraft:walk_one_cm":43436,"minecraft:mob_kills":19,"minecraft:damage_dealt":1166,"minecraft:talked_to_villager":1,"minecraft:fly_one_cm":108031,"minecraft:interact_with_crafting_table":4,"minecraft:open_chest":8,"minecraft:crouch_one_cm":1628,"minecraft:play_time":27840,"minecraft:sneak_time":3314,"minecraft:jump":216,"minecraft:damage_dealt_resisted":802,"minecraft:leave_game":1,"minecraft:time_since_death":27840,"minecraft:total_world_time":27840,"minecraft:fall_one_cm":2345},"minecraft:used":{"apocalypsenow:beer":1,"pointblank:printer":1,"born_in_chaos_v1:darkwarblade":9,"minecraft:wooden_pickaxe":9,"apocalypsenow:laminated_iron_baseball_bat":4,"cataclysm:coral_bardiche":5,"bloodandmadness:eggs/iron_golem_spawn_egg":1,"minecraft:crafting_table":1,"apocalypsenow:civilian_body_vest_chestplate":1,"minecraft:oak_sapling":5},"minecraft:picked_up":{"minecraft:stick":1,"minecraft:crafting_table":1,"pointblank:gunmetal_nugget":16,"minecraft:oak_log":4,"minecraft:gunpowder":3,"minecraft:dirt":4,"minecraft:red_bed":1,"minecraft:leather_boots":1,"minecraft:slime_ball":1,"minecraft:bone":1,"minecraft:rotten_flesh":7,"minecraft:iron_ingot":5,"minecraft:poppy":2,"alexsmobs:maggot":1,"minecraft:oak_sapling":5,"minecraft:coal":7,"minecraft:cobblestone":16}},"DataVersion":3465}