{"stats":{"minecraft:used":{"minecraft:spruce_slab":106,"minecraft:iron_shovel":186,"minecraft:oak_sign":9,"minecraft:dispenser":1,"minecraft:ladder":1,"minecraft:iron_sword":145,"minecraft:zombie_spawn_egg":3,"lootr:trophy":4,"minecraft:spruce_leaves":157,"minecraft:deepslate_brick_slab":227,"minecraft:snowball":61,"minecraft:furnace_minecart":6,"minecraft:stripped_spruce_log":15,"minecraft:milk_bucket":4,"sophisticatedbackpacks:diamond_backpack":1,"create:granite_pillar":2,"minecraft:lava_bucket":1,"minecraft:lantern":9,"supplementaries:bomb_blue":1,"minecraft:furnace":1,"minecraft:skeleton_skull":3,"minecraft:egg":3,"minecraft:potato":1,"minecraft:damaged_anvil":3,"minecraft:diamond_boots":1,"minecraft:powered_rail":4,"minecraft:oak_planks":1,"minecraft:diamond_axe":319,"immersive_aircraft:cargo_airship":1,"minecraft:golden_apple":8,"minecraft:sand":8,"tfc:dirt/sandy_loam":2,"minecraft:blast_furnace":1,"minecraft:note_block":1,"minecraft:shears":248,"minecraft:redstone_torch":1,"cfm:stripped_oak_coffee_table":1,"minecraft:diamond_sword":753,"minecraft:chainmail_boots":1,"minecraft:chain":7,"minecraft:oak_boat":1,"minecraft:oak_trapdoor":1,"minecraft:cobweb":1,"minecraft:bone_meal":4,"minecraft:redstone":1,"minecraft:spruce_planks":201,"easy_hammers:stone_hammer":60,"immersive_aircraft:warship":2,"minecraft:oak_door":4,"minecraft:stone_hoe":24,"minecraft:stick":25,"minecraft:torch":223,"minecraft:dirt":189,"minecraft:anvil":4,"minecraft:hopper":9,"minecraft:chainmail_chestplate":1,"minecraft:spruce_fence":60,"minecraft:nether_brick_stairs":1,"minecraft:iron_hoe":3,"quark:spruce_chest":2,"minecraft:iron_axe":80,"easy_hammers:iron_hammer":362,"minecraft:melon_seeds":2,"minecraft:barrel":1,"minecraft:gunpowder":1,"minecraft:black_stained_glass":178,"infectious:baton":2,"minecraft:minecart":2,"comforts:sleeping_bag_white":13,"minecraft:cobbled_deepslate":250,"minecraft:wheat_seeds":24,"minecraft:water_bucket":86,"minecraft:cobblestone_stairs":134,"minecraft:baked_potato":224,"pointblank:printer":1,"minecraft:stonecutter":2,"minecraft:spruce_fence_gate":1,"minecraft:cobblestone_slab":21,"minecraft:deepslate_bricks":521,"minecraft:rail":160,"minecraft:white_bed":3,"minecraft:painting":9,"minecraft:spruce_log":31,"minecraft:smoker":2,"minecraft:oak_log":6,"minecraft:diamond_pickaxe":967,"minecraft:apple":2,"infectious:rotten_brain":2,"minecraft:oak_button":2,"minecraft:iron_pickaxe":411,"minecraft:spruce_sapling":16,"cfm:stripped_oak_table":1,"minecraft:cobblestone":994,"minecraft:bucket":88,"quark:oak_chest":8},"minecraft:broken":{"minecraft:diamond_helmet":1,"minecraft:shears":1,"minecraft:iron_boots":1,"minecraft:iron_leggings":2,"easy_hammers:iron_hammer":1},"minecraft:picked_up":{"quark:diamond_heart":1,"minecraft:wheat":50,"pointblank:spas12":2,"minecraft:anvil":4,"minecraft:diamond_sword":3,"minecraft:lead":2,"supplementaries:bomb_blue":1,"artifacts:bunny_hoppers":1,"artifacts:chorus_totem":2,"minecraft:brewing_stand":1,"minecraft:golden_sword":1,"minecraft:polished_deepslate":8,"minecraft:string":33,"minecraft:raw_copper":190,"minecraft:smooth_stone_slab":1,"minecraft:iron_leggings":2,"minecraft:sticky_piston":6,"infectious:baton":1,"minecraft:beetroot":4,"minecraft:smooth_stone":9,"minecraft:gold_nugget":19,"minecraft:cobbled_deepslate":3191,"minecraft:spruce_planks":43,"comforts:sleeping_bag_white":15,"infectious:withered_rotten_flesh":1,"minecraft:redstone_torch":1,"minecraft:cobblestone_slab":21,"quark:black_shard":64,"minecraft:iron_pickaxe":1,"minecraft:melon_slice":9,"minecraft:coal_block":10,"minecraft:iron_boots":3,"minecraft:stick":87,"minecraft:torch":159,"minecraft:porkchop":8,"minecraft:pointed_dripstone":28,"minecraft:diorite":24,"minecraft:quartz_block":7,"minecraft:stone_sword":2,"minecraft:rotten_flesh":430,"minecraft:vex_armor_trim_smithing_template":1,"infectious:rotten_brain":27,"create:asurine":10,"create:veridium":9,"supplementaries:ash":130,"minecraft:iron_bars":5,"minecraft:snowball":59,"minecraft:cobblestone":409,"minecraft:furnace_minecart":6,"infectious:scientist_glasses_helmet":2,"minecraft:magma_block":4,"minecraft:polished_diorite_slab":11,"minecraft:repeater":6,"minecraft:andesite":27,"minecraft:water_bucket":2,"minecraft:potato":925,"immersive_aircraft:warship":4,"minecraft:copper_block":2,"minecraft:smoker":4,"minecraft:tuff":201,"create:raw_zinc":5,"infectious:burned_rotten_flesh":3,"supplementaries:flax_seeds":2,"tfc_loot:cobble_rock":8,"minecraft:lapis_lazuli":30,"minecraft:dirt":262,"minecraft:lantern":8,"lootr:trophy":3,"mcore:raw_titanium":25,"cfm:stripped_oak_coffee_table":1,"minecraft:bone":72,"minecraft:stonecutter":2,"minecraft:bow":3,"minecraft:wheat_seeds":175,"minecraft:deepslate_brick_slab":32,"minecraft:raw_gold":11,"pointblank:grenade40mm":14,"minecraft:diamond_helmet":2,"minecraft:bamboo":231,"minecraft:mossy_stone_bricks":2,"minecraft:powered_rail":3,"minecraft:honeycomb":1,"minecraft:oak_planks":2,"infectious:maggot":114,"quark:shale":15,"minecraft:poisonous_potato":6,"minecraft:sand":186,"minecraft:stripped_spruce_log":15,"minecraft:nether_brick_stairs":1,"pointblank:g3":2,"minecraft:mossy_cobblestone":2,"infectious:music_disc_zombified":1,"minecraft:iron_hoe":1,"minecraft:polished_andesite":1,"artifacts:golden_hook":1,"minecraft:diamond":27,"minecraft:slime_block":2,"quark:red_shard":14,"minecraft:lever":1,"zombie_island:blades":1,"minecraft:granite":42,"minecraft:bread":5,"minecraft:chainmail_helmet":2,"minecraft:oak_sapling":44,"minecraft:charcoal":6,"minecraft:waxed_oxidized_cut_copper":1,"infectious:steroids":3,"minecraft:diamond_pickaxe":5,"minecraft:cocoa_beans":11,"minecraft:spruce_leaves":247,"sophisticatedbackpacks:gold_backpack":1,"minecraft:ladder":1,"minecraft:leather_leggings":2,"mowziesmobs:glowing_jelly":3,"gravestone:obituary":5,"minecraft:chain":1,"minecraft:shield":2,"minecraft:oak_trapdoor":3,"minecraft:iron_axe":1,"artifacts:feral_claws":1,"tfc:dirt/sandy_loam":4,"minecraft:iron_shovel":2,"minecraft:cracked_stone_bricks":10,"minecraft:oak_boat":2,"infectious:enchanted_rotten_flesh":6,"minecraft:observer":2,"minecraft:iron_nugget":55,"minecraft:spruce_slab":86,"infectious:bandage":13,"minecraft:minecart":7,"minecraft:piston":7,"minecraft:phantom_membrane":4,"minecraft:egg":8,"ars_nouveau:ritual_challenge":1,"minecraft:raw_iron":31,"minecraft:sandstone":3,"tfc:ore/normal_native_copper":8,"minecraft:oak_door":4,"minecraft:copper_ingot":8,"minecraft:note_block":1,"minecraft:spruce_fence":18,"pointblank:gunmetal_nugget":187,"infectious:swat_shield":1,"minecraft:quartz_pillar":5,"pointblank:ammo762x51":26,"infectious:antibiotics":3,"minecraft:carrot":53,"infectious:intestine":36,"minecraft:redstone":84,"minecraft:smooth_sandstone_slab":4,"infectious:fungal_rotten_flesh":1,"minecraft:arrow":29,"minecraft:diamond_chestplate":4,"minecraft:beetroot_seeds":3,"minecraft:nether_bricks":1,"minecraft:diamond_boots":1,"minecraft:saddle":1,"minecraft:gold_ingot":25,"artifacts:pocket_piston":3,"sophisticatedbackpacks:copper_backpack":1,"minecraft:mutton":2,"minecraft:skeleton_skull":4,"minecraft:white_wool":1,"minecraft:rail":70,"minecraft:stripped_oak_log":6,"minecraft:air":0,"artifacts:digging_claws":3,"artifacts:anglers_hat":3,"artifacts:onion_ring":3,"minecraft:oak_log":71,"minecraft:chainmail_chestplate":3,"minecraft:golden_boots":3,"minecraft:gunpowder":70,"minecraft:cobblestone_stairs":15,"easy_hammers:iron_hammer":3,"rftoolsbase:dimensionalshard":20,"minecraft:apple":3,"minecraft:stone_bricks":10,"minecraft:iron_ingot":37,"artifacts:kitty_slippers":4,"minecraft:iron_sword":3,"sophisticatedbackpacks:diamond_backpack":5,"minecraft:smooth_basalt":1,"minecraft:milk_bucket":2,"immersive_aircraft:cargo_airship":1,"minecraft:chiseled_stone_bricks":1,"minecraft:gravel":6,"minecraft:spruce_sapling":10,"minecraft:blast_furnace":4,"minecraft:spruce_log":75,"create:granite_pillar":2,"artifacts:scarf_of_invisibility":1,"quark:oak_chest":1,"pointblank:printer":1,"minecraft:spider_eye":11,"minecraft:leather_helmet":1,"minecraft:pumpkin_seeds":5,"minecraft:slime_ball":27,"minecraft:polished_diorite":7,"tacz:modern_kinetic_gun":2,"minecraft:iron_helmet":3,"minecraft:painting":9,"minecraft:diamond_axe":2,"minecraft:mossy_cobblestone_stairs":1,"minecraft:oak_button":1,"minecraft:baked_potato":9,"minecraft:damaged_anvil":3,"minecraft:melon_seeds":2,"minecraft:coal":176},"minecraft:killed":{"zombie_island:burning_walker":1,"infectious:fungal_zombie":1,"infectious:crawling_zombie":9,"minecraft:cave_spider":2,"infectious:zombie_spiter":1,"minecraft:zombified_piglin":14,"infectious:zombie":15,"infectious:pylon_zombie":2,"mozombies_wave:zombie_chef":1,"infectious:zombie_cook":1,"minecraft:spider":1,"infectious:zombie_head":2,"minecraft:zombie_horse":16,"zombie_island:incendiary_walker":2,"minecraft:skeleton":51,"infectious:zombie_doctor":4,"zombie_island:insect_swarm_walker":2,"infectious:muscular_zombie":1,"infectious:screamer":1,"infectious:bodyless_zombie":1,"infectious:zombie_runner":2,"zombie_island:firefighter_walker":1,"infectious:football_player_zombie":1,"mozombies_wave:disco_zombie":1,"artifacts:mimic":9,"infectious:psycho_zombie":1,"infectious:fat_zombie":3,"minecraft:pig":1,"quark:stoneling":1,"minecraft:zombie_villager":11,"infectious:acid_zombie":1,"infectious:brain_zombie":4,"infectious:zombie_prisoner":1,"recruits:recruit":4,"infectious:zombie_diver":1,"infectious:construction_worker_zombie":2,"minecraft:creeper":15,"mozombies_wave:zombie_miner":1,"minecraft:sheep":2,"minecraft:trader_llama":2,"zombie_island:eat_courier":1,"minecraft:zombie":401,"infectious:bucket_zombie":2,"minecraft:stray":2,"infectious:zombie_girl":4,"mozombies_wave:zombie_dwarf":2,"zombie_island:runner_2":1,"infectious:enchanted_zombie":1,"infectious:burning_zombie":1,"hordes:zombie_player":13,"infectious:zombie_clown":1,"infectious:zombie_police":1,"infectious:zombified_bear":1,"zombie_island:shocking_walker":2,"minecraft:zoglin":9,"zombie_island:walker_1":1,"mozombies_wave:zombie_pa":1,"zombie_island:grenadier_walker":1,"infectious:zombie_screamer":3,"minecraft:drowned":4,"infectious:zombie_farmer":1,"infectious:zombie_on_stelts":2,"mozombies_wave:zombie_cyborg":2,"mozombies_wave:zombie_pirate":1,"infectious:infectious_zombie":5,"zombie_island:hazmat_walker":1,"minecraft:husk":132,"infectious:zombified_bird_flying":3,"infectious:blind_zombie":2,"infectious:balloon_zombie_no_balloon":1,"infectious:burned_zombie":1,"zombie_island:walker_3":1,"infectious:zombie_archer":2,"infectious:zombie_lumberjack":2,"infectious:zombie_scientist":1,"infectious:maggot_zombie":2,"infectious:withered_zombie":1,"zombie_island:caustic_x_walker":2,"infectious:pool_tube_zombie":1,"infectious:swat_zombie":1,"minecraft:player":3,"minecraft:villager":1,"infectious:zombie_boxer":1},"minecraft:dropped":{"minecraft:iron_sword":2,"minecraft:cooked_beef":2,"minecraft:oak_log":12,"minecraft:baked_potato":1,"minecraft:diamond":14,"minecraft:cooked_porkchop":3,"infectious:intestine":17,"minecraft:cracked_stone_bricks":3,"minecraft:quartz_pillar":2,"minecraft:cobblestone_stairs":2,"sophisticatedbackpacks:gold_backpack":1,"minecraft:emerald":7,"minecraft:dirt":6,"infectious:antibiotics":1,"gravestone:obituary":5,"minecraft:gold_nugget":4,"minecraft:iron_pickaxe":2,"minecraft:gold_ingot":10,"minecraft:bone":17,"minecraft:iron_nugget":8,"minecraft:cooked_chicken":3,"minecraft:cobbled_deepslate":2598,"minecraft:beetroot":3,"minecraft:rotten_flesh":1050,"minecraft:oak_planks":64,"tfc:dirt/sandy_loam":2,"artifacts:chorus_totem":1,"minecraft:carrot":24,"minecraft:chainmail_chestplate":3,"minecraft:leather_chestplate":1,"supplementaries:flax_seeds":1,"supplementaries:ash":2,"minecraft:gunpowder":10,"minecraft:charcoal":24,"minecraft:beetroot_seeds":3,"minecraft:leather_boots":1,"minecraft:iron_bars":3,"minecraft:arrow":3,"minecraft:egg":3,"minecraft:golden_boots":4,"minecraft:iron_ingot":121,"minecraft:bread":1,"minecraft:wheat_seeds":85,"infectious:rotten_brain":5,"minecraft:golden_helmet":1,"minecraft:mossy_cobblestone":1,"minecraft:poisonous_potato":3,"minecraft:cobblestone":520,"minecraft:iron_helmet":1,"infectious:maggot":67,"minecraft:copper_ingot":182,"minecraft:chainmail_helmet":1,"minecraft:coal":39,"minecraft:golden_apple":1,"minecraft:coal_block":1,"infectious:bandage":5,"tacz:modern_kinetic_gun":2,"minecraft:iron_shovel":2,"minecraft:string":13,"minecraft:oak_trapdoor":1,"minecraft:raw_copper":12,"minecraft:cocoa_beans":9,"minecraft:smooth_stone_slab":1,"minecraft:tuff":106,"minecraft:smoker":3,"sophisticatedbackpacks:backpack":1,"minecraft:nether_bricks":1,"minecraft:pumpkin_seeds":5,"pointblank:gunmetal_nugget":27,"minecraft:potato":567,"minecraft:shield":2,"minecraft:spruce_planks":21,"minecraft:diamond_pickaxe":1,"minecraft:andesite":3,"minecraft:golden_leggings":1,"artifacts:onion_ring":1,"minecraft:spider_eye":2,"minecraft:magma_block":1,"minecraft:cooked_rabbit":1,"minecraft:vex_armor_trim_smithing_template":1},"minecraft:custom":{"lootr:looted_stat":145,"minecraft:animals_bred":7,"minecraft:interact_with_crafting_table":86,"minecraft:open_barrel":1,"goblintraders:trade_with_goblin":79,"minecraft:leave_game":16,"minecraft:time_since_death":38368,"minecraft:sprint_one_cm":808925,"minecraft:drop":321,"minecraft:play_noteblock":67,"minecraft:talked_to_villager":3,"minecraft:play_time":1137819,"minecraft:deaths":5,"minecraft:jump":5581,"minecraft:walk_on_water_one_cm":56343,"minecraft:interact_with_furnace":33,"minecraft:sleep_in_bed":45,"minecraft:damage_dealt":45358,"minecraft:player_kills":13,"minecraft:crouch_one_cm":232300,"minecraft:interact_with_smoker":29,"minecraft:interact_with_smithing_table":3,"minecraft:inspect_dispenser":11,"minecraft:interact_with_anvil":3,"minecraft:mob_kills":870,"minecraft:damage_dealt_resisted":823,"minecraft:climb_one_cm":5176,"minecraft:walk_one_cm":2151084,"minecraft:damage_dealt_absorbed":52,"minecraft:sneak_time":85004,"minecraft:walk_under_water_one_cm":20307,"minecraft:interact_with_blast_furnace":56,"minecraft:total_world_time":1137819,"minecraft:tune_noteblock":66,"minecraft:interact_with_stonecutter":9,"minecraft:time_since_rest":35861,"minecraft:damage_absorbed":99,"minecraft:damage_taken":8002,"minecraft:swim_one_cm":31935,"minecraft:fly_one_cm":1075210,"minecraft:open_chest":647,"minecraft:fall_one_cm":120886},"minecraft:killed_by":{"minecraft:zombie":3,"minecraft:player":1,"minecraft:skeleton":1},"minecraft:crafted":{"immersive_aircraft:engine":1,"minecraft:black_dye":65,"easy_hammers:iron_hammer":2,"flashlight:lantern":1,"minecraft:smooth_stone":6,"minecraft:oak_planks":4,"minecraft:barrel":1,"minecraft:chain":4,"sophisticatedbackpacks:magnet_upgrade":2,"minecraft:stone":54,"minecraft:cobblestone_stairs":53,"minecraft:lever":1,"minecraft:iron_bars":16,"minecraft:glass":191,"minecraft:bow":1,"immersive_aircraft:hull":6,"minecraft:chest":9,"minecraft:oak_button":1,"minecraft:copper_block":2,"minecraft:rail":80,"minecraft:smoker":1,"minecraft:furnace_minecart":1,"minecraft:oak_slab":6,"pointblank:gunmetal_mesh":65,"minecraft:emerald":19,"immersive_aircraft:warship":1,"minecraft:spruce_planks":220,"minecraft:baked_potato":383,"sophisticatedbackpacks:advanced_feeding_upgrade":1,"supplementaries:cage":3,"minecraft:copper_ingot":526,"minecraft:gold_block":8,"sophisticatedbackpacks:feeding_upgrade":1,"sophisticatedbackpacks:upgrade_base":7,"sophisticatedbackpacks:advanced_restock_upgrade":1,"minecraft:dispenser":1,"sophisticatedbackpacks:refill_upgrade":1,"minecraft:tnt":10,"sophisticatedbackpacks:diamond_backpack":4,"minecraft:stick":52,"quark:oak_chest":3,"minecraft:iron_ingot":22,"minecraft:iron_block":3,"minecraft:gold_ingot":44,"minecraft:redstone_torch":1,"minecraft:spruce_fence_gate":4,"minecraft:shears":1,"minecraft:golden_carrot":1,"minecraft:oak_door":3,"pointblank:guninternals":20,"sophisticatedbackpacks:advanced_refill_upgrade":1,"minecraft:iron_nugget":18,"sophisticatedbackpacks:advanced_magnet_upgrade":1,"immersive_aircraft:sail":2,"sophisticatedbackpacks:stack_upgrade_tier_1":1,"minecraft:furnace":4,"minecraft:piston":6,"sophisticatedbackpacks:stack_upgrade_starter_tier":1,"minecraft:bone_meal":15,"minecraft:spruce_fence":24,"minecraft:white_carpet":15,"mcore:titanium_ingot":25,"minecraft:spruce_slab":90,"flashlight:flashlight_off":1,"sophisticatedbackpacks:stack_upgrade_tier_2":1,"sophisticatedbackpacks:iron_backpack":1,"immersive_aircraft:airship":1,"immersive_aircraft:cargo_airship":1,"immersive_aircraft:boiler":1,"pointblank:gunmetal_ingot":176,"immersive_aircraft:industrial_gears":1,"sophisticatedbackpacks:gold_backpack":1,"sophisticatedbackpacks:restock_upgrade":1,"minecraft:bucket":2,"minecraft:air":0,"minecraft:black_stained_glass":160,"sophisticatedbackpacks:pickup_upgrade":2,"minecraft:gold_nugget":9,"minecraft:white_dye":1,"minecraft:white_bed":3,"minecraft:torch":4},"minecraft:mined":{"minecraft:spruce_planks":10,"create:deepslate_zinc_ore":4,"minecraft:cobblestone_stairs":11,"minecraft:brewing_stand":1,"minecraft:granite":42,"minecraft:stone_brick_wall":3,"minecraft:grass_block":50,"minecraft:deepslate_bricks":92,"minecraft:chiseled_stone_bricks":1,"minecraft:spawner":6,"comforts:sleeping_bag_white":1,"minecraft:smooth_stone":2,"minecraft:magma_block":3,"minecraft:mossy_cobblestone_stairs":1,"supplementaries:ash":60,"minecraft:iron_ore":19,"minecraft:sticky_piston":6,"minecraft:fire":46,"minecraft:cobbled_deepslate":27,"minecraft:anvil":3,"minecraft:deepslate_lapis_ore":2,"minecraft:nether_brick_stairs":1,"create:asurine":10,"supplementaries:stick":16,"minecraft:skeleton_wall_skull":1,"minecraft:pointed_dripstone":19,"minecraft:dirt_path":3,"minecraft:iron_bars":4,"minecraft:green_carpet":2,"create:veridium":9,"minecraft:spruce_slab":85,"minecraft:deepslate_redstone_ore":4,"minecraft:quartz_block":8,"minecraft:smoker":2,"minecraft:powder_snow":3,"minecraft:torch":21,"minecraft:note_block":1,"minecraft:blast_furnace":3,"minecraft:melon":2,"minecraft:polished_diorite_slab":1,"cfm:stripped_oak_coffee_table":1,"minecraft:cobblestone":319,"minecraft:slime_block":2,"minecraft:damaged_anvil":2,"minecraft:oak_planks":6,"minecraft:smooth_sandstone_slab":1,"minecraft:wall_torch":37,"minecraft:deepslate_copper_ore":9,"rftoolsbase:dimensionalshard_overworld":4,"minecraft:repeater":6,"minecraft:powered_rail":2,"lootr:trophy":3,"sophisticatedbackpacks:diamond_backpack":1,"minecraft:smooth_stone_slab":2,"minecraft:grass":61,"minecraft:oak_log":56,"minecraft:sand":187,"minecraft:dirt":79,"minecraft:smooth_basalt":1,"minecraft:stonecutter":2,"minecraft:piston":2,"minecraft:oak_leaves":47,"minecraft:deepslate":383,"create:zinc_ore":1,"minecraft:diamond_ore":1,"minecraft:tuff":25,"minecraft:mossy_cobblestone":1,"minecraft:deepslate_diamond_ore":18,"minecraft:oak_door":4,"tfc:dirt/sandy_loam":2,"minecraft:jack_o_lantern":1,"minecraft:sea_lantern":1,"gravestone:gravestone":2,"minecraft:spruce_fence":18,"minecraft:redstone_wire":26,"minecraft:spruce_leaves":263,"mcore:deepslate_titanium_ore":19,"minecraft:sandstone":3,"minecraft:deepslate_brick_slab":45,"minecraft:redstone_ore":8,"minecraft:oak_trapdoor":2,"minecraft:waxed_oxidized_cut_copper":1,"minecraft:snow":2,"minecraft:andesite":25,"minecraft:stripped_spruce_log":15,"minecraft:polished_deepslate":3,"minecraft:cobblestone_slab":21,"minecraft:deepslate_iron_ore":1,"minecraft:rail":70,"minecraft:lantern":8,"minecraft:stripped_oak_log":6,"minecraft:bamboo":11,"minecraft:stone":555,"quark:oak_chest":1,"minecraft:snow_block":8,"minecraft:observer":2,"minecraft:dandelion":1,"minecraft:copper_ore":82,"minecraft:tall_grass":9,"minecraft:deepslate_gold_ore":1,"minecraft:diorite":22,"supplementaries:urn":7,"minecraft:black_stained_glass":14,"minecraft:spruce_log":177,"minecraft:coal_ore":10,"minecraft:gravel":6,"minecraft:cracked_stone_bricks":5,"minecraft:polished_andesite":1,"minecraft:stone_bricks":4,"minecraft:mossy_stone_bricks":2,"minecraft:gold_ore":2,"pointblank:printer":1}},"DataVersion":3465}