{"stats":{"minecraft:used":{"minecraft:beetroot":2,"minecraft:iron_shovel":830,"minecraft:polished_deepslate":1,"sophisticatedbackpacks:copper_backpack":1,"minecraft:oak_sign":1,"minecraft:shield":18,"minecraft:iron_sword":479,"minecraft:rotten_flesh":4,"minecraft:green_terracotta":33,"minecraft:carrot":140,"minecraft:tuff":30,"minecraft:snowball":70,"create:granite_pillar":71,"minecraft:polished_andesite_stairs":2,"minecraft:stone_bricks":30,"minecraft:redstone_lamp":8,"minecraft:magma_block":9,"minecraft:bow":8,"minecraft:sweet_berries":23,"supplementaries:ash":21,"minecraft:oak_sapling":3,"minecraft:furnace":1,"minecraft:skeleton_skull":6,"minecraft:egg":3,"minecraft:potato":4,"minecraft:diorite":162,"minecraft:polished_diorite_slab":10,"minecraft:ender_pearl":1,"minecraft:golden_apple":2,"minecraft:blast_furnace":1,"relics:horse_flute":6,"minecraft:black_concrete":1,"minecraft:bread":8,"infectious:baseball_bat":24,"create:asurine":40,"minecraft:gravel":1,"minecraft:diamond_sword":24,"minecraft:coal_block":3,"minecraft:smithing_table":1,"minecraft:andesite":9,"minecraft:smooth_stone_slab":5,"minecraft:chest_minecart":1,"minecraft:cobweb":1,"sophisticatedbackpacks:iron_backpack":3,"minecraft:flint_and_steel":47,"minecraft:stone_shovel":139,"minecraft:spruce_planks":41,"easy_hammers:stone_hammer":28,"minecraft:cut_copper_stairs":3,"minecraft:stick":21,"minecraft:torch":175,"minecraft:dirt":435,"minecraft:cobblestone_wall":1,"minecraft:granite":97,"minecraft:oak_fence_gate":1,"minecraft:polished_diorite":2,"infectious:swat_shield":2,"minecraft:iron_axe":23,"easy_hammers:iron_hammer":402,"minecraft:bamboo":22,"infectious:maggot":12,"minecraft:cooked_beef":3,"minecraft:cobbled_deepslate":71,"minecraft:calcite":27,"minecraft:snow_block":2,"minecraft:polished_andesite":9,"minecraft:baked_potato":47,"minecraft:waxed_oxidized_cut_copper":1,"minecraft:cracked_stone_bricks":19,"minecraft:rail":1,"minecraft:crafting_table":1,"minecraft:smoker":2,"minecraft:diamond_pickaxe":586,"minecraft:apple":1,"infectious:antibiotics":1,"infectious:rotten_brain":2,"minecraft:iron_pickaxe":225,"minecraft:leather_helmet":1,"minecraft:stone_axe":40,"minecraft:cobblestone":1315,"quark:oak_chest":7,"minecraft:jukebox":1},"minecraft:broken":{"minecraft:iron_shovel":3,"minecraft:iron_leggings":1,"minecraft:iron_sword":1,"minecraft:stone_shovel":1,"minecraft:flint_and_steel":1,"minecraft:iron_helmet":1},"minecraft:picked_up":{"minecraft:iron_chestplate":8,"artifacts:bunny_hoppers":4,"minecraft:smithing_table":1,"minecraft:diamond_sword":1,"artifacts:chorus_totem":1,"minecraft:potion":2,"minecraft:enchanted_book":1,"minecraft:stone_brick_stairs":5,"minecraft:polished_deepslate":3,"minecraft:string":25,"minecraft:raw_copper":158,"minecraft:smooth_stone_slab":5,"minecraft:iron_leggings":7,"minecraft:oak_sign":1,"minecraft:beetroot":4,"minecraft:cobbled_deepslate":306,"minecraft:smooth_stone":6,"minecraft:spruce_planks":25,"minecraft:calcite":242,"minecraft:iron_pickaxe":5,"minecraft:coal_block":6,"minecraft:furnace":1,"minecraft:iron_boots":11,"minecraft:stick":85,"minecraft:jukebox":1,"minecraft:torch":306,"minecraft:cut_copper_stairs":6,"minecraft:diorite":197,"minecraft:green_terracotta":49,"minecraft:rotten_flesh":229,"minecraft:vex_armor_trim_smithing_template":2,"ars_nouveau:worn_notebook":1,"infectious:rotten_brain":14,"create:asurine":438,"minecraft:cyan_terracotta":16,"ars_nouveau:sourceberry_bush":6,"supplementaries:ash":28,"minecraft:snowball":128,"minecraft:cobblestone":1791,"minecraft:magma_block":8,"minecraft:polished_diorite_slab":24,"minecraft:andesite":14,"minecraft:copper_block":2,"minecraft:smoker":2,"minecraft:potato":191,"minecraft:flint":2,"minecraft:tuff":131,"create:raw_zinc":38,"minecraft:lapis_lazuli":58,"minecraft:dirt":944,"mcore:raw_titanium":8,"minecraft:name_tag":1,"minecraft:bone":84,"minecraft:bow":3,"minecraft:wheat_seeds":75,"minecraft:raw_gold":3,"minecraft:bamboo":22,"minecraft:oak_planks":8,"infectious:maggot":73,"minecraft:poisonous_potato":2,"sophisticatedbackpacks:iron_backpack":9,"minecraft:mossy_cobblestone":4,"alexsmobs:animal_dictionary":1,"minecraft:polished_andesite":13,"minecraft:sugar":4,"minecraft:diamond":10,"minecraft:black_concrete":1,"quark:red_shard":6,"minecraft:granite":327,"minecraft:golden_apple":4,"minecraft:bread":4,"minecraft:oak_sapling":17,"minecraft:diamond_pickaxe":5,"minecraft:cocoa_beans":7,"minecraft:charcoal":78,"minecraft:waxed_oxidized_cut_copper":1,"minecraft:crafting_table":1,"minecraft:redstone_lamp":17,"minecraft:brown_mushroom":1,"minecraft:stone_brick_wall":8,"mowziesmobs:glowing_jelly":1,"minecraft:gold_block":1,"gravestone:obituary":8,"minecraft:shield":9,"tfc:dirt/sandy_loam":2,"minecraft:oak_trapdoor":1,"artifacts:feral_claws":3,"artifacts:power_glove":1,"minecraft:flint_and_steel":3,"tacz:ammo":125,"minecraft:compass":1,"minecraft:iron_shovel":8,"minecraft:cracked_stone_bricks":37,"minecraft:iron_nugget":28,"infectious:bandage":5,"minecraft:sugar_cane":7,"minecraft:piston":18,"minecraft:phantom_membrane":1,"minecraft:egg":4,"minecraft:raw_iron":9,"minecraft:copper_ingot":5,"pointblank:gunmetal_nugget":117,"infectious:swat_shield":1,"minecraft:quartz_pillar":6,"infectious:antibiotics":1,"minecraft:carrot":512,"infectious:intestine":27,"minecraft:redstone":92,"minecraft:prismarine_crystals":6,"infectious:fungal_rotten_flesh":1,"minecraft:arrow":26,"minecraft:diamond_chestplate":5,"tfc:calcite":9,"minecraft:skeleton_skull":3,"minecraft:air":0,"minecraft:clock":1,"minecraft:leather":4,"minecraft:red_mushroom":2,"artifacts:onion_ring":4,"minecraft:oak_log":40,"minecraft:gunpowder":3,"minecraft:cobblestone_wall":1,"easy_hammers:iron_hammer":7,"minecraft:apple":4,"minecraft:stone_bricks":43,"minecraft:oak_fence_gate":1,"minecraft:iron_ingot":24,"minecraft:cobweb":15,"minecraft:iron_sword":10,"minecraft:book":33,"minecraft:polished_andesite_stairs":4,"minecraft:sweet_berries":20,"minecraft:gravel":1,"minecraft:spruce_sapling":6,"minecraft:spruce_log":16,"create:granite_pillar":8,"minecraft:green_carpet":2,"artifacts:scarf_of_invisibility":4,"quark:oak_chest":7,"minecraft:spider_eye":7,"minecraft:leather_helmet":2,"minecraft:pumpkin_seeds":5,"minecraft:slime_ball":12,"minecraft:polished_diorite":26,"minecraft:stone_axe":1,"tacz:modern_kinetic_gun":7,"minecraft:iron_helmet":11,"minecraft:painting":1,"minecraft:baked_potato":12,"minecraft:coal":237,"minecraft:ender_pearl":3},"minecraft:killed":{"minecraft:cave_spider":1,"infectious:crawling_zombie":1,"minecraft:zombified_piglin":4,"infectious:zombie":3,"minecraft:witch":1,"minecraft:zombie_horse":1,"minecraft:skeleton":10,"infectious:robotic_zombie":1,"infectious:headless_zombie":1,"infectious:fat_zombie":1,"infectious:pumpkin_zombie":2,"minecraft:creeper":1,"mowziesmobs:lantern":1,"infectious:balloon_zombie":1,"minecraft:zombie":50,"infectious:zombie_girl":2,"hordes:zombie_player":2,"zombie_island:shocking_walker":1,"mozombies_wave:zombie_pa":2,"infectious:sleepy_zombie":1,"minecraft:husk":11,"ars_nouveau:starbuncle":1,"zombie_island:walker_3":1,"infectious:zombie_archer":1,"infectious:maggot_zombie":2,"infectious:swat_zombie":1,"zombie_island:shambler_2":1,"minecraft:player":1,"zombiesmore:crawler":1},"minecraft:dropped":{"minecraft:oak_log":1,"relics:horse_flute":1,"minecraft:red_mushroom":2,"minecraft:flint":1,"minecraft:dirt":358,"gravestone:obituary":21,"minecraft:iron_pickaxe":1,"minecraft:bone":11,"minecraft:iron_nugget":4,"alexsmobs:animal_dictionary":2,"infectious:fungal_rotten_flesh":1,"minecraft:rotten_flesh":21,"minecraft:carrot":129,"supplementaries:ash":1,"minecraft:arrow":2,"minecraft:egg":1,"minecraft:wheat_seeds":8,"infectious:rotten_brain":3,"minecraft:copper_block":4,"minecraft:poisonous_potato":2,"minecraft:iron_helmet":1,"minecraft:cobblestone":3,"infectious:maggot":8,"minecraft:coal":27,"minecraft:coal_block":1,"minecraft:stick":3,"ars_nouveau:worn_notebook":2,"minecraft:torch":4,"supplementaries:bomb_blue":1,"infectious:bandage":4,"minecraft:green_carpet":2,"tacz:modern_kinetic_gun":4,"minecraft:string":6,"infectious:baseball_bat":1,"minecraft:cut_copper_stairs":3,"minecraft:pumpkin_seeds":1,"pointblank:gunmetal_nugget":9,"minecraft:potato":1,"minecraft:shield":1,"infectious:swat_shield":1,"minecraft:iron_chestplate":1,"minecraft:diamond_pickaxe":2,"minecraft:andesite":3,"minecraft:oak_sapling":3,"minecraft:spider_eye":1,"tacz:ammo":23,"minecraft:vex_armor_trim_smithing_template":1},"minecraft:custom":{"lootr:looted_stat":73,"minecraft:interact_with_crafting_table":18,"minecraft:leave_game":50,"minecraft:time_since_death":35317,"minecraft:sprint_one_cm":330500,"minecraft:damage_blocked_by_shield":1170,"minecraft:drop":127,"minecraft:play_noteblock":66,"minecraft:talked_to_villager":3,"minecraft:play_time":469339,"minecraft:deaths":30,"minecraft:jump":2585,"minecraft:walk_on_water_one_cm":8397,"minecraft:interact_with_furnace":12,"minecraft:sleep_in_bed":2,"minecraft:damage_dealt":18138,"minecraft:player_kills":1,"minecraft:crouch_one_cm":144160,"minecraft:interact_with_smoker":23,"minecraft:interact_with_smithing_table":1,"minecraft:mob_kills":116,"minecraft:damage_dealt_resisted":429,"minecraft:climb_one_cm":8959,"minecraft:walk_one_cm":995029,"minecraft:damage_dealt_absorbed":81,"minecraft:sneak_time":52270,"minecraft:walk_under_water_one_cm":1950,"minecraft:interact_with_blast_furnace":7,"minecraft:total_world_time":469339,"minecraft:tune_noteblock":53,"minecraft:interact_with_stonecutter":2,"minecraft:time_since_rest":35362,"minecraft:damage_absorbed":3,"minecraft:damage_taken":13394,"minecraft:swim_one_cm":3367,"minecraft:fly_one_cm":377733,"minecraft:open_chest":206,"minecraft:fall_one_cm":77009},"minecraft:killed_by":{"infectious:swat_zombie":2,"minecraft:zombie":6,"infectious:enchanted_zombie":1,"minecraft:player":12,"minecraft:skeleton":5},"minecraft:crafted":{"easy_hammers:iron_hammer":3,"minecraft:smooth_stone":5,"minecraft:oak_planks":60,"minecraft:stone":2,"minecraft:bow":1,"minecraft:iron_boots":2,"minecraft:crafting_table":1,"minecraft:iron_helmet":1,"minecraft:baked_potato":99,"minecraft:copper_ingot":25,"minecraft:iron_chestplate":1,"minecraft:diamond_pickaxe":1,"minecraft:shield":1,"minecraft:stick":124,"minecraft:snow_block":2,"minecraft:gold_ingot":9,"minecraft:furnace":1,"minecraft:blast_furnace":1,"minecraft:cooked_beef":3,"minecraft:diamond_sword":1,"pointblank:gunmetal_ingot":7,"minecraft:iron_sword":2,"minecraft:air":0,"minecraft:iron_shovel":2,"minecraft:iron_leggings":1,"minecraft:torch":204},"minecraft:mined":{"create:deepslate_zinc_ore":42,"minecraft:spruce_planks":1,"create:granite_pillar":8,"minecraft:cave_vines_plant":4,"minecraft:granite":23,"minecraft:grass_block":358,"minecraft:stone_brick_wall":7,"sophisticatedbackpacks:iron_backpack":2,"minecraft:polished_diorite":17,"minecraft:spawner":7,"minecraft:smooth_stone":1,"minecraft:magma_block":6,"minecraft:iron_ore":1,"minecraft:cobbled_deepslate":9,"minecraft:fire":3,"minecraft:deepslate_lapis_ore":11,"create:asurine":184,"supplementaries:stick":2,"minecraft:skeleton_wall_skull":2,"minecraft:cave_vines":5,"minecraft:dirt_path":56,"minecraft:deepslate_redstone_ore":17,"minecraft:cyan_terracotta":1,"minecraft:smoker":1,"minecraft:powder_snow":5,"minecraft:torch":8,"minecraft:calcite":114,"minecraft:polished_diorite_slab":20,"minecraft:cobblestone":64,"minecraft:sugar_cane":2,"minecraft:smooth_sandstone_slab":2,"minecraft:wall_torch":15,"minecraft:skeleton_skull":1,"minecraft:tnt":1,"minecraft:stone_brick_stairs":1,"minecraft:smooth_stone_slab":7,"minecraft:grass":56,"minecraft:oak_log":20,"minecraft:oak_fence_gate":1,"minecraft:dirt":550,"minecraft:piston":10,"minecraft:oak_leaves":15,"minecraft:deepslate":89,"minecraft:redstone_lamp":10,"minecraft:tuff":70,"minecraft:mossy_cobblestone":4,"minecraft:deepslate_diamond_ore":2,"minecraft:red_stained_glass":2,"minecraft:glow_lichen":2,"gravestone:gravestone":16,"minecraft:spruce_leaves":2,"minecraft:moss_block":1,"mcore:deepslate_titanium_ore":8,"minecraft:waxed_oxidized_cut_copper":1,"minecraft:furnace":1,"minecraft:carrots":60,"minecraft:snow":2,"minecraft:green_terracotta":45,"minecraft:andesite":7,"minecraft:polished_deepslate":3,"minecraft:deepslate_iron_ore":6,"minecraft:bamboo_sapling":1,"minecraft:bamboo":11,"minecraft:stone":274,"minecraft:podzol":34,"minecraft:smithing_table":1,"minecraft:cut_copper_stairs":3,"quark:oak_chest":7,"minecraft:snow_block":25,"minecraft:oak_fence":1,"minecraft:crafting_table":2,"minecraft:andesite_wall":2,"minecraft:tall_grass":19,"minecraft:copper_ore":24,"minecraft:deepslate_gold_ore":3,"minecraft:diorite":47,"supplementaries:urn":17,"minecraft:cobblestone_wall":1,"minecraft:spruce_log":8,"minecraft:quartz_pillar":7,"minecraft:coal_ore":9,"minecraft:gravel":3,"minecraft:cobweb":2,"minecraft:cracked_stone_bricks":16,"minecraft:polished_andesite":8,"minecraft:stone_bricks":26,"minecraft:fern":1}},"DataVersion":3465}