{"stats":{"minecraft:broken":{"minecraft:stone_pickaxe":1,"minecraft:iron_axe":1,"minecraft:iron_pickaxe":2},"minecraft:killed_by":{"minecraft:player":1,"minecraft:stray":1,"alexsmobs:snow_leopard":1,"minecraft:skeleton":1,"infectious:zombie_climber":1,"infectious:zombie_horseman":2},"minecraft:mined":{"minecraft:white_bed":1,"minecraft:spruce_planks":7,"minecraft:deepslate_diamond_ore":1,"minecraft:potted_dead_bush":1,"gravestone:gravestone":7,"minecraft:granite":32,"minecraft:spruce_fence":7,"minecraft:chiseled_bookshelf":8,"minecraft:grass_block":13,"minecraft:decorated_pot":2,"minecraft:spruce_leaves":7,"minecraft:large_fern":1,"quark:hollow_birch_log":1,"minecraft:hay_block":1,"minecraft:oak_trapdoor":1,"minecraft:furnace":6,"minecraft:iron_ore":63,"minecraft:cobbled_deepslate":2,"minecraft:snow":2,"minecraft:andesite":16,"minecraft:fletching_table":1,"minecraft:deepslate_lapis_ore":5,"minecraft:rail":1,"minecraft:bookshelf":13,"minecraft:polished_deepslate_slab":1,"minecraft:iron_bars":3,"minecraft:lantern":1,"minecraft:stone":488,"minecraft:deepslate_redstone_ore":2,"minecraft:red_bed":5,"quark:oak_chest":17,"minecraft:smoker":1,"minecraft:crafting_table":5,"minecraft:polished_andesite_stairs":3,"minecraft:chest":1,"minecraft:tall_grass":2,"minecraft:copper_ore":52,"minecraft:cobblestone":50,"minecraft:blue_bed":1,"minecraft:deepslate_gold_ore":6,"minecraft:sugar_cane":1,"minecraft:oak_planks":6,"minecraft:iron_door":1,"minecraft:diorite":13,"minecraft:wall_torch":2,"supplementaries:urn":9,"minecraft:birch_planks":5,"minecraft:stripped_spruce_wood":3,"minecraft:cobblestone_wall":1,"minecraft:birch_log":46,"minecraft:ice":4,"minecraft:spruce_log":38,"minecraft:birch_leaves":2,"minecraft:grass":5,"minecraft:oak_log":192,"minecraft:coal_ore":111,"minecraft:gravel":12,"minecraft:sand":1,"minecraft:dirt":10,"pointblank:workstation":2,"minecraft:cobweb":13,"minecraft:cracked_stone_bricks":3,"minecraft:stone_bricks":27,"minecraft:oak_leaves":11,"minecraft:deepslate":8,"minecraft:fern":1},"minecraft:killed":{"infectious:old_zombie":1,"infectious:zombie":9,"infectious:zombie_clown":1,"infectious:zombie_head":2,"minecraft:spider":2,"alexsmobs:snow_leopard":2,"minecraft:skeleton":6,"infectious:zombie_doctor":1,"minecraft:chicken":7,"infectious:big_zombie":1,"alexsmobs:bison":1,"zombie_island:hazmat_walker":1,"mozombies_wave:disco_zombie":1,"minecraft:zombie_villager":1,"infectious:acid_zombie":1,"ars_nouveau:starbuncle":1,"minecraft:bat":1,"infectious:zombie_archer":1,"minecraft:creeper":1,"zombie_island:shambler_1":1,"minecraft:sheep":3,"minecraft:zombie":34,"zombie_island:eat_courier":1,"alexsmobs:cockroach":2,"zombiesmore:explosive_zombie":1,"infectious:armless_zombie":2,"alexsmobs:fly":1,"infectious:pool_tube_zombie":1,"minecraft:enderman":1},"minecraft:dropped":{"minecraft:golden_boots":1,"minecraft:wheat_seeds":6,"quark:hollow_birch_log":2,"minecraft:cooked_porkchop":1,"minecraft:rail":1,"minecraft:chainmail_helmet":1,"gravestone:obituary":7,"minecraft:gold_nugget":1,"tacz:modern_kinetic_gun":1,"minecraft:moss_carpet":1,"minecraft:raw_copper":8,"minecraft:rotten_flesh":3,"minecraft:chainmail_chestplate":2,"minecraft:diamond_sword":1,"supplementaries:ash":2,"minecraft:chainmail_boots":1,"minecraft:leather_leggings":1,"minecraft:wooden_pickaxe":1},"minecraft:crafted":{"minecraft:oak_planks":696,"easy_hammers:iron_hammer":1,"minecraft:stone_shovel":1,"quark:birch_chest":1,"minecraft:cooked_chicken":3,"minecraft:furnace":9,"minecraft:cobblestone_stairs":80,"minecraft:raw_copper_block":17,"minecraft:cooked_mutton":2,"minecraft:oak_trapdoor":2,"minecraft:bow":2,"minecraft:iron_boots":1,"minecraft:iron_axe":1,"minecraft:stone_pickaxe":2,"minecraft:oak_fence":33,"minecraft:smoker":4,"minecraft:crafting_table":7,"minecraft:spruce_planks":12,"minecraft:iron_helmet":1,"minecraft:wooden_pickaxe":1,"minecraft:baked_potato":100,"minecraft:fletching_table":1,"minecraft:birch_planks":56,"minecraft:stone_axe":1,"minecraft:air":0,"minecraft:oak_fence_gate":2,"minecraft:iron_chestplate":2,"minecraft:golden_apple":3,"minecraft:shield":1,"minecraft:stick":56,"quark:oak_chest":43,"minecraft:iron_ingot":58,"minecraft:iron_pickaxe":1,"minecraft:iron_leggings":2,"minecraft:torch":108},"minecraft:custom":{"minecraft:interact_with_smithing_table":1,"lootr:looted_stat":49,"minecraft:interact_with_anvil":1,"minecraft:mob_kills":109,"minecraft:interact_with_crafting_table":49,"minecraft:damage_dealt_resisted":244,"minecraft:leave_game":4,"minecraft:time_since_death":55657,"minecraft:climb_one_cm":2036,"minecraft:sprint_one_cm":515731,"minecraft:walk_one_cm":789473,"minecraft:damage_blocked_by_shield":1485,"minecraft:drop":27,"minecraft:damage_dealt_absorbed":13,"minecraft:talked_to_villager":8,"minecraft:play_time":326176,"minecraft:deaths":8,"minecraft:sneak_time":21834,"minecraft:walk_under_water_one_cm":3240,"minecraft:jump":5294,"minecraft:interact_with_blast_furnace":3,"minecraft:walk_on_water_one_cm":22616,"minecraft:total_world_time":326176,"minecraft:interact_with_furnace":41,"minecraft:interact_with_loom":1,"minecraft:sleep_in_bed":4,"minecraft:time_since_rest":1067,"minecraft:damage_taken":5606,"minecraft:damage_absorbed":178,"minecraft:damage_dealt":14082,"minecraft:swim_one_cm":17465,"minecraft:fly_one_cm":1291582,"minecraft:open_chest":239,"minecraft:crouch_one_cm":57091,"minecraft:interact_with_smoker":18,"minecraft:fall_one_cm":135669},"minecraft:picked_up":{"minecraft:spruce_leaves":1,"minecraft:crafting_table":5,"minecraft:iron_chestplate":1,"minecraft:chainmail_boots":1,"minecraft:chicken":5,"minecraft:flower_pot":1,"minecraft:leather_leggings":1,"minecraft:lead":6,"minecraft:cooked_rabbit":1,"minecraft:potion":3,"minecraft:enchanted_book":2,"gravestone:obituary":1,"minecraft:brick":8,"minecraft:shield":1,"minecraft:oak_trapdoor":1,"minecraft:red_bed":5,"minecraft:string":11,"minecraft:raw_copper":188,"minecraft:moss_carpet":4,"minecraft:armor_stand":1,"minecraft:iron_leggings":4,"minecraft:cracked_stone_bricks":3,"minecraft:gold_nugget":1,"minecraft:cobbled_deepslate":10,"minecraft:spruce_planks":8,"minecraft:beef":10,"ars_nouveau:starbuncle_shards":1,"minecraft:iron_nugget":2,"minecraft:iron_pickaxe":3,"infectious:bandage":1,"minecraft:sugar_cane":5,"pointblank:workstation":2,"minecraft:furnace":6,"minecraft:iron_boots":1,"minecraft:egg":7,"minecraft:stick":32,"minecraft:raw_iron":60,"minecraft:polished_deepslate_slab":1,"minecraft:copper_ingot":2,"minecraft:torch":66,"minecraft:spruce_fence":7,"sophisticatedbackpacks:backpack":2,"pointblank:gunmetal_nugget":88,"minecraft:diorite":12,"infectious:intestine":6,"minecraft:redstone":10,"minecraft:arrow":70,"minecraft:rotten_flesh":101,"zombiesmore:flammable_bone":1,"minecraft:hay_block":1,"infectious:rotten_brain":3,"zombiesmore:dynamite":1,"supplementaries:ash":34,"minecraft:rail":2,"minecraft:snowball":2,"minecraft:mutton":2,"minecraft:iron_bars":7,"minecraft:white_wool":3,"minecraft:cobblestone":1532,"minecraft:birch_log":46,"minecraft:leather_chestplate":1,"minecraft:air":0,"minecraft:feather":2,"minecraft:cooked_beef":19,"minecraft:iron_door":1,"minecraft:andesite":16,"minecraft:leather":6,"minecraft:smoker":1,"minecraft:potato":270,"minecraft:birch_planks":11,"alexsmobs:bison_fur":1,"minecraft:flint":2,"minecraft:stripped_spruce_wood":3,"minecraft:oak_log":191,"minecraft:chainmail_chestplate":2,"minecraft:blue_bed":1,"minecraft:cobblestone_wall":1,"minecraft:gunpowder":1,"minecraft:cobblestone_stairs":2,"minecraft:lapis_lazuli":32,"minecraft:dirt":23,"minecraft:lantern":1,"minecraft:leather_boots":2,"minecraft:cooked_mutton":2,"minecraft:bone":63,"minecraft:apple":5,"minecraft:stone_bricks":25,"minecraft:wheat_seeds":9,"minecraft:raw_gold":6,"alexsmobs:cockroach_wing_fragment":1,"minecraft:rabbit_hide":2,"minecraft:iron_ingot":49,"minecraft:cooked_chicken":5,"minecraft:fletching_table":1,"minecraft:rabbit":3,"minecraft:iron_sword":2,"minecraft:oak_planks":116,"minecraft:book":73,"infectious:maggot":5,"minecraft:polished_andesite_stairs":3,"minecraft:cooked_porkchop":15,"minecraft:sweet_berries":1,"minecraft:gravel":10,"minecraft:poisonous_potato":1,"minecraft:sand":1,"minecraft:spruce_sapling":6,"minecraft:spruce_log":38,"minecraft:white_bed":1,"sophisticatedbackpacks:iron_backpack":1,"minecraft:grass_block":1,"minecraft:dead_bush":1,"minecraft:spider_eye":3,"quark:oak_chest":17,"minecraft:leather_helmet":1,"infectious:music_disc_zombified":1,"minecraft:diamond_shovel":1,"minecraft:sugar":2,"minecraft:diamond":1,"minecraft:stone_axe":2,"tacz:modern_kinetic_gun":1,"zombie_island:blades":1,"minecraft:iron_helmet":1,"minecraft:granite":32,"quark:hollow_birch_log":2,"minecraft:golden_apple":2,"minecraft:emerald":6,"minecraft:baked_potato":60,"minecraft:oak_sapling":10,"minecraft:coal":208,"minecraft:ender_pearl":1},"minecraft:used":{"minecraft:oak_trapdoor":3,"minecraft:oak_fence":22,"minecraft:moss_carpet":3,"quark:birch_chest":1,"minecraft:iron_shovel":12,"minecraft:stone_shovel":17,"minecraft:spruce_planks":13,"minecraft:shield":17,"minecraft:iron_sword":155,"minecraft:cooked_chicken":5,"minecraft:spruce_leaves":1,"minecraft:iron_chestplate":1,"minecraft:torch":114,"minecraft:dirt":12,"minecraft:cobblestone_wall":1,"minecraft:snowball":1,"minecraft:oak_fence_gate":2,"minecraft:iron_axe":248,"easy_hammers:iron_hammer":115,"minecraft:iron_helmet":1,"minecraft:iron_boots":1,"minecraft:stone_bricks":25,"pointblank:workstation":2,"minecraft:bow":32,"minecraft:furnace":11,"minecraft:egg":1,"minecraft:potato":46,"minecraft:cooked_beef":4,"minecraft:cobbled_deepslate":9,"minecraft:iron_leggings":2,"minecraft:cooked_mutton":4,"minecraft:water_bucket":13,"minecraft:diorite":2,"minecraft:cobblestone_stairs":23,"minecraft:birch_planks":10,"minecraft:stone_pickaxe":162,"minecraft:baked_potato":66,"minecraft:oak_planks":230,"minecraft:blue_bed":1,"minecraft:wooden_pickaxe":8,"minecraft:fletching_table":2,"minecraft:cracked_stone_bricks":3,"minecraft:golden_apple":6,"minecraft:sand":1,"minecraft:red_bed":5,"minecraft:crafting_table":12,"minecraft:white_bed":1,"minecraft:smoker":5,"minecraft:oak_log":1,"minecraft:apple":1,"minecraft:bread":5,"minecraft:iron_pickaxe":622,"minecraft:gravel":10,"minecraft:stone_axe":122,"minecraft:diamond_sword":82,"minecraft:cobblestone":197,"minecraft:cooked_porkchop":12,"minecraft:andesite":10,"minecraft:bucket":14,"quark:oak_chest":60,"alexsmobs:animal_dictionary":1}},"DataVersion":3465}