{
  "comforts:sleeping_bag_light_blue": {
    "criteria": {
      "has_the_recipe": "2025-01-16 19:14:54 +0000"
    },
    "done": true
  },
  "comforts:sleeping_bag_black": {
    "criteria": {
      "has_the_recipe": "2025-01-16 19:14:54 +0000"
    },
    "done": true
  },
  "comforts:hammock_purple": {
    "criteria": {
      "has_the_recipe": "2025-01-16 19:14:54 +0000"
    },
    "done": true
  },
  "comforts:hammock_lime": {
    "criteria": {
      "has_the_recipe": "2025-01-16 19:14:54 +0000"
    },
    "done": true
  },
  "comforts:sleeping_bag_pink": {
    "criteria": {
      "has_the_recipe": "2025-01-16 19:14:54 +0000"
    },
    "done": true
  },
  "comforts:hammock_magenta": {
    "criteria": {
      "has_the_recipe": "2025-01-16 19:14:54 +0000"
    },
    "done": true
  },
  "comforts:sleeping_bag_red": {
    "criteria": {
      "has_the_recipe": "2025-01-16 19:14:54 +0000"
    },
    "done": true
  },
  "comforts:sleeping_bag_orange": {
    "criteria": {
      "has_the_recipe": "2025-01-16 19:14:54 +0000"
    },
    "done": true
  },
  "comforts:hammock_red": {
    "criteria": {
      "has_the_recipe": "2025-01-16 19:14:54 +0000"
    },
    "done": true
  },
  "comforts:hammock_blue": {
    "criteria": {
      "has_the_recipe": "2025-01-16 19:14:54 +0000"
    },
    "done": true
  },
  "comforts:hammock_white": {
    "criteria": {
      "has_the_recipe": "2025-01-16 19:14:54 +0000"
    },
    "done": true
  },
  "comforts:hammock_light_gray": {
    "criteria": {
      "has_the_recipe": "2025-01-16 19:14:54 +0000"
    },
    "done": true
  },
  "comforts:sleeping_bag_white": {
    "criteria": {
      "has_the_recipe": "2025-01-16 19:14:54 +0000"
    },
    "done": true
  },
  "comforts:sleeping_bag_brown": {
    "criteria": {
      "has_the_recipe": "2025-01-16 19:14:54 +0000"
    },
    "done": true
  },
  "comforts:sleeping_bag_gray": {
    "criteria": {
      "has_the_recipe": "2025-01-16 19:14:54 +0000"
    },
    "done": true
  },
  "comforts:rope_and_nail": {
    "criteria": {
      "has_the_recipe": "2025-01-16 19:14:54 +0000"
    },
    "done": true
  },
  "pointblank:recipes/misc/printer": {
    "criteria": {
      "has_recipe": "2025-01-16 19:14:54 +0000"
    },
    "done": true
  },
  "comforts:sleeping_bag_cyan": {
    "criteria": {
      "has_the_recipe": "2025-01-16 19:14:54 +0000"
    },
    "done": true
  },
  "comforts:hammock_pink": {
    "criteria": {
      "has_the_recipe": "2025-01-16 19:14:54 +0000"
    },
    "done": true
  },
  "comforts:hammock_brown": {
    "criteria": {
      "has_the_recipe": "2025-01-16 19:14:54 +0000"
    },
    "done": true
  },
  "comforts:sleeping_bag_light_gray": {
    "criteria": {
      "has_the_recipe": "2025-01-16 19:14:54 +0000"
    },
    "done": true
  },
  "comforts:hammock_black": {
    "criteria": {
      "has_the_recipe": "2025-01-16 19:14:54 +0000"
    },
    "done": true
  },
  "comforts:sleeping_bag_lime": {
    "criteria": {
      "has_the_recipe": "2025-01-16 19:14:54 +0000"
    },
    "done": true
  },
  "comforts:hammock_yellow": {
    "criteria": {
      "has_the_recipe": "2025-01-16 19:14:54 +0000"
    },
    "done": true
  },
  "comforts:sleeping_bag_blue": {
    "criteria": {
      "has_the_recipe": "2025-01-16 19:14:54 +0000"
    },
    "done": true
  },
  "ars_nouveau:root": {
    "criteria": {
      "ars_nouveau:worn_notebook": "2025-01-16 19:14:54 +0000"
    },
    "done": true
  },
  "create:root": {
    "criteria": {
      "0": "2025-01-16 19:14:54 +0000"
    },
    "done": true
  },
  "comforts:hammock_gray": {
    "criteria": {
      "has_the_recipe": "2025-01-16 19:14:54 +0000"
    },
    "done": true
  },
  "comforts:hammock_cyan": {
    "criteria": {
      "has_the_recipe": "2025-01-16 19:14:54 +0000"
    },
    "done": true
  },
  "comforts:sleeping_bag_purple": {
    "criteria": {
      "has_the_recipe": "2025-01-16 19:14:54 +0000"
    },
    "done": true
  },
  "comforts:sleeping_bag_yellow": {
    "criteria": {
      "has_the_recipe": "2025-01-16 19:14:54 +0000"
    },
    "done": true
  },
  "comforts:sleeping_bag_green": {
    "criteria": {
      "has_the_recipe": "2025-01-16 19:14:54 +0000"
    },
    "done": true
  },
  "comforts:hammock_light_blue": {
    "criteria": {
      "has_the_recipe": "2025-01-16 19:14:54 +0000"
    },
    "done": true
  },
  "comforts:hammock_orange": {
    "criteria": {
      "has_the_recipe": "2025-01-16 19:14:54 +0000"
    },
    "done": true
  },
  "comforts:sleeping_bag_magenta": {
    "criteria": {
      "has_the_recipe": "2025-01-16 19:14:54 +0000"
    },
    "done": true
  },
  "comforts:hammock_green": {
    "criteria": {
      "has_the_recipe": "2025-01-16 19:14:54 +0000"
    },
    "done": true
  },
  "mowziesmobs:root": {
    "criteria": {
      "custom_test_name": "2025-01-16 19:14:57 +0000"
    },
    "done": true
  },
  "lootr:root": {
    "criteria": {
      "always_true": "2025-01-16 19:14:57 +0000"
    },
    "done": true
  },
  "minecraft:adventure/adventuring_time": {
    "criteria": {
      "minecraft:taiga": "2025-01-16 19:28:40 +0000",
      "minecraft:frozen_river": "2025-01-16 19:33:18 +0000",
      "minecraft:birch_forest": "2025-01-16 19:17:27 +0000",
      "minecraft:beach": "2025-01-16 19:15:10 +0000",
      "minecraft:dark_forest": "2025-01-16 19:15:07 +0000",
      "minecraft:river": "2025-01-16 19:31:42 +0000",
      "minecraft:snowy_plains": "2025-01-16 19:31:55 +0000",
      "minecraft:snowy_taiga": "2025-01-16 19:38:22 +0000",
      "minecraft:cold_ocean": "2025-01-16 19:28:10 +0000",
      "minecraft:forest": "2025-01-16 19:31:34 +0000",
      "minecraft:snowy_beach": "2025-01-16 19:39:54 +0000",
      "minecraft:meadow": "2025-01-16 21:01:24 +0000",
      "minecraft:plains": "2025-01-16 19:40:47 +0000"
    },
    "done": false
  },
  "minecraft:story/root": {
    "criteria": {
      "crafting_table": "2025-01-16 19:15:52 +0000"
    },
    "done": true
  },
  "minecraft:story/mine_stone": {
    "criteria": {
      "get_stone": "2025-01-16 19:16:21 +0000"
    },
    "done": true
  },
  "minecraft:story/upgrade_tools": {
    "criteria": {
      "stone_pickaxe": "2025-01-16 19:17:07 +0000"
    },
    "done": true
  },
  "infectious:step_into_trouble": {
    "criteria": {
      "step_into_trouble": "2025-01-16 19:17:39 +0000"
    },
    "done": true
  },
  "minecraft:adventure/root": {
    "criteria": {
      "killed_something": "2025-01-16 19:17:50 +0000"
    },
    "done": true
  },
  "minecraft:husbandry/balanced_diet": {
    "criteria": {
      "cooked_porkchop": "2025-01-17 20:09:32 +0000",
      "cooked_mutton": "2025-01-16 21:29:07 +0000",
      "sweet_berries": "2025-01-16 23:48:14 +0000",
      "cooked_beef": "2025-01-16 19:22:39 +0000",
      "baked_potato": "2025-01-16 22:09:51 +0000",
      "bread": "2025-01-16 23:50:44 +0000",
      "cod": "2025-01-16 22:09:44 +0000"
    },
    "done": false
  },
  "minecraft:husbandry/root": {
    "criteria": {
      "consumed_item": "2025-01-16 19:22:39 +0000"
    },
    "done": true
  },
  "quark:crawl_in_hollow_log": {
    "criteria": {
      "crawl_in_hollow_log": "2025-01-16 19:23:35 +0000"
    },
    "done": true
  },
  "minecraft:adventure/sleep_in_bed": {
    "criteria": {
      "slept_in_bed": "2025-01-16 19:25:38 +0000"
    },
    "done": true
  },
  "supplementaries:adventure/way_sign": {
    "criteria": {
      "bastion": "2025-01-16 19:25:57 +0000"
    },
    "done": true
  },
  "lootr:1chest": {
    "criteria": {
      "opened_chest": "2025-01-16 19:29:00 +0000"
    },
    "done": true
  },
  "lootr:social": {
    "criteria": {
      "opened_barrel": "2025-01-17 21:03:26 +0000",
      "opened_chest": "2025-01-16 19:29:00 +0000"
    },
    "done": false
  },
  "minecraft:story/form_obsidian": {
    "criteria": {
      "obsidian": "2025-01-16 19:29:02 +0000"
    },
    "done": true
  },
  "immersive_aircraft:misc/aircraftery": {
    "criteria": {
      "has_item": "2025-01-16 19:33:47 +0000"
    },
    "done": true
  },
  "minecraft:story/smelt_iron": {
    "criteria": {
      "iron": "2025-01-16 19:33:47 +0000"
    },
    "done": true
  },
  "minecraft:story/obtain_armor": {
    "criteria": {
      "iron_helmet": "2025-01-16 19:35:02 +0000"
    },
    "done": true
  },
  "alexsmobs:alexsmobs/seagull_steal": {
    "criteria": {
      "ex": "2025-01-16 19:42:37 +0000"
    },
    "done": true
  },
  "minecraft:adventure/kill_a_mob": {
    "criteria": {
      "minecraft:blaze": "2025-01-16 20:01:45 +0000",
      "minecraft:pillager": "2025-01-16 20:01:45 +0000",
      "minecraft:skeleton": "2025-01-16 20:01:45 +0000",
      "minecraft:elder_guardian": "2025-01-16 20:01:45 +0000",
      "minecraft:zoglin": "2025-01-16 20:01:45 +0000",
      "minecraft:ravager": "2025-01-16 20:01:45 +0000",
      "minecraft:ghast": "2025-01-16 20:01:45 +0000",
      "minecraft:hoglin": "2025-01-16 20:01:45 +0000",
      "minecraft:guardian": "2025-01-16 20:01:45 +0000",
      "minecraft:vindicator": "2025-01-16 20:01:45 +0000",
      "minecraft:magma_cube": "2025-01-16 20:01:45 +0000",
      "minecraft:piglin_brute": "2025-01-16 20:01:45 +0000",
      "minecraft:spider": "2025-01-16 20:01:45 +0000",
      "minecraft:creeper": "2025-01-16 20:01:45 +0000",
      "minecraft:wither": "2025-01-16 20:01:45 +0000",
      "minecraft:evoker": "2025-01-16 20:01:45 +0000",
      "minecraft:slime": "2025-01-16 20:01:45 +0000",
      "quark:forgotten": "2025-01-16 20:01:45 +0000",
      "minecraft:phantom": "2025-01-16 20:01:45 +0000",
      "minecraft:zombified_piglin": "2025-01-16 20:01:45 +0000",
      "minecraft:witch": "2025-01-16 20:01:45 +0000",
      "minecraft:wither_skeleton": "2025-01-16 20:01:45 +0000",
      "minecraft:husk": "2025-01-16 20:01:45 +0000",
      "minecraft:ender_dragon": "2025-01-16 20:01:45 +0000",
      "minecraft:shulker": "2025-01-16 20:01:45 +0000",
      "minecraft:cave_spider": "2025-01-16 20:01:45 +0000",
      "quark:wraith": "2025-01-16 20:01:45 +0000",
      "minecraft:piglin": "2025-01-16 20:01:45 +0000",
      "minecraft:enderman": "2025-01-16 20:01:45 +0000",
      "minecraft:silverfish": "2025-01-16 20:01:45 +0000",
      "minecraft:stray": "2025-01-16 20:01:45 +0000",
      "minecraft:endermite": "2025-01-16 20:01:45 +0000",
      "minecraft:vex": "2025-01-16 20:01:45 +0000",
      "minecraft:zombie": "2025-01-16 20:01:45 +0000",
      "quark:foxhound": "2025-01-16 20:01:45 +0000",
      "minecraft:drowned": "2025-01-16 20:01:45 +0000",
      "minecraft:zombie_villager": "2025-01-16 20:01:45 +0000"
    },
    "done": true
  },
  "infectious:no_brain_no_sanity": {
    "criteria": {
      "no_brain_no_sanity": "2025-01-16 20:01:45 +0000"
    },
    "done": true
  },
  "infectious:infectious_advancement": {
    "criteria": {
      "infectious_advancement": "2025-01-16 20:01:45 +0000"
    },
    "done": true
  },
  "infectious:honey_im_home": {
    "criteria": {
      "honey_im_home": "2025-01-16 20:07:09 +0000"
    },
    "done": true
  },
  "minecraft:adventure/kill_all_mobs": {
    "criteria": {
      "minecraft:skeleton": "2025-01-16 22:14:28 +0000",
      "minecraft:spider": "2025-01-16 21:01:35 +0000",
      "minecraft:creeper": "2025-01-17 22:21:54 +0000",
      "quark:forgotten": "2025-01-16 23:10:07 +0000",
      "minecraft:wither_skeleton": "2025-01-16 23:21:48 +0000",
      "minecraft:husk": "2025-01-17 22:17:51 +0000",
      "minecraft:stray": "2025-01-16 23:17:27 +0000",
      "minecraft:zombie": "2025-01-16 20:29:00 +0000",
      "minecraft:drowned": "2025-01-17 22:18:00 +0000",
      "minecraft:zombie_villager": "2025-01-16 23:51:51 +0000"
    },
    "done": false
  },
  "infectious:bucket_list": {
    "criteria": {
      "bucket_list": "2025-01-16 21:00:41 +0000"
    },
    "done": true
  },
  "infectious:back_in_my_days": {
    "criteria": {
      "back_in_my_days": "2025-01-16 21:23:06 +0000"
    },
    "done": true
  },
  "create:copper": {
    "criteria": {
      "0": "2025-01-16 21:24:37 +0000"
    },
    "done": true
  },
  "infectious:i_dont_feel_so_good": {
    "criteria": {
      "i_dont_feel_so_good": "2025-01-16 21:32:31 +0000"
    },
    "done": true
  },
  "minecraft:story/lava_bucket": {
    "criteria": {
      "lava_bucket": "2025-01-16 21:34:05 +0000"
    },
    "done": true
  },
  "infectious:breaking_bad": {
    "criteria": {
      "breaking_bad": "2025-01-16 21:57:57 +0000"
    },
    "done": true
  },
  "infectious:zombie_on_steroids": {
    "criteria": {
      "zombie_on_steroids": "2025-01-16 21:58:17 +0000"
    },
    "done": true
  },
  "infectious:im_the_law": {
    "criteria": {
      "im_the_law": "2025-01-16 21:58:29 +0000"
    },
    "done": true
  },
  "infectious:back_to_the_surface": {
    "criteria": {
      "back_to_the_surface": "2025-01-16 22:01:15 +0000"
    },
    "done": true
  },
  "infectious:bob_ross": {
    "criteria": {
      "bob_ross": "2025-01-16 22:02:20 +0000"
    },
    "done": true
  },
  "infectious:x_zombies": {
    "criteria": {
      "x_zombies": "2025-01-16 22:04:50 +0000"
    },
    "done": true
  },
  "infectious:walk_dont_crawl": {
    "criteria": {
      "walk_dont_crawl": "2025-01-16 22:18:55 +0000"
    },
    "done": true
  },
  "minecraft:story/iron_tools": {
    "criteria": {
      "iron_pickaxe": "2025-01-16 22:38:04 +0000"
    },
    "done": true
  },
  "infectious:who_ordered_this": {
    "criteria": {
      "who_ordered_this": "2025-01-16 22:52:15 +0000"
    },
    "done": true
  },
  "infectious:knock_knock": {
    "criteria": {
      "knock_knock": "2025-01-16 23:05:45 +0000"
    },
    "done": true
  },
  "minecraft:story/mine_diamond": {
    "criteria": {
      "diamond": "2025-01-16 23:06:17 +0000"
    },
    "done": true
  },
  "quark:get_forgotten_hat": {
    "criteria": {
      "get_forgotten_hat": "2025-01-16 23:10:08 +0000"
    },
    "done": true
  },
  "lootr:10loot": {
    "criteria": {
      "loot_stat": "2025-01-16 23:13:05 +0000"
    },
    "done": true
  },
  "infectious:angry_bids": {
    "criteria": {
      "angry_bids": "2025-01-16 23:43:51 +0000"
    },
    "done": true
  },
  "lootr:25loot": {
    "criteria": {
      "loot_stat": "2025-01-16 23:46:11 +0000"
    },
    "done": true
  },
  "ars_nouveau:novice_spell_book": {
    "criteria": {
      "has_novice_spell_book": "2025-01-17 20:21:02 +0000"
    },
    "done": true
  },
  "infectious:youre_walking_on_danger": {
    "criteria": {
      "youre_walking_on_danger": "2025-01-17 20:35:36 +0000"
    },
    "done": true
  },
  "lootr:50loot": {
    "criteria": {
      "loot_stat": "2025-01-17 21:03:23 +0000"
    },
    "done": true
  },
  "lootr:1barrel": {
    "criteria": {
      "opened_barrel": "2025-01-17 21:03:26 +0000"
    },
    "done": true
  },
  "infectious:why_so_serious": {
    "criteria": {
      "why_so_serious": "2025-01-17 21:05:54 +0000"
    },
    "done": true
  },
  "minecraft:story/shiny_gear": {
    "criteria": {
      "diamond_chestplate": "2025-01-17 21:06:22 +0000"
    },
    "done": true
  },
  "infectious:touchdown": {
    "criteria": {
      "touchdown": "2025-01-17 21:47:57 +0000"
    },
    "done": true
  },
  "infectious:sign_the_contract_big_boy": {
    "criteria": {
      "sign_the_contract_big_boy": "2025-01-18 17:27:09 +0000"
    },
    "done": true
  },
  "DataVersion": 3465
}