{
  "comforts:sleeping_bag_light_blue": {
    "criteria": {
      "has_the_recipe": "2024-07-10 19:43:30 +0000"
    },
    "done": true
  },
  "mutantmonsters:root": {
    "criteria": {
      "killed_something": "2024-07-10 20:12:23 +0000"
    },
    "done": true
  },
  "comforts:hammock_purple": {
    "criteria": {
      "has_the_recipe": "2024-07-10 19:43:30 +0000"
    },
    "done": true
  },
  "comforts:sleeping_bag_pink": {
    "criteria": {
      "has_the_recipe": "2024-07-10 19:43:30 +0000"
    },
    "done": true
  },
  "comforts:hammock_magenta": {
    "criteria": {
      "has_the_recipe": "2024-07-10 19:43:30 +0000"
    },
    "done": true
  },
  "idas:idas_root": {
    "criteria": {
      "always": "2024-07-10 19:43:30 +0000"
    },
    "done": true
  },
  "minecraft:story/obtain_armor": {
    "criteria": {
      "iron_chestplate": "2024-07-10 20:08:41 +0000"
    },
    "done": true
  },
  "comforts:hammock_red": {
    "criteria": {
      "has_the_recipe": "2024-07-10 19:43:30 +0000"
    },
    "done": true
  },
  "supplementaries:adventure/way_sign": {
    "criteria": {
      "bastion": "2024-07-10 20:32:26 +0000"
    },
    "done": true
  },
  "minecraft:story/iron_tools": {
    "criteria": {
      "iron_pickaxe": "2024-07-10 20:06:42 +0000"
    },
    "done": true
  },
  "comforts:sleeping_bag_white": {
    "criteria": {
      "has_the_recipe": "2024-07-10 19:43:30 +0000"
    },
    "done": true
  },
  "comforts:sleeping_bag_gray": {
    "criteria": {
      "has_the_recipe": "2024-07-10 19:43:30 +0000"
    },
    "done": true
  },
  "comforts:rope_and_nail": {
    "criteria": {
      "has_the_recipe": "2024-07-10 19:43:30 +0000"
    },
    "done": true
  },
  "comforts:sleeping_bag_cyan": {
    "criteria": {
      "has_the_recipe": "2024-07-10 19:43:30 +0000"
    },
    "done": true
  },
  "comforts:sleeping_bag_light_gray": {
    "criteria": {
      "has_the_recipe": "2024-07-10 19:43:30 +0000"
    },
    "done": true
  },
  "comforts:hammock_black": {
    "criteria": {
      "has_the_recipe": "2024-07-10 19:43:30 +0000"
    },
    "done": true
  },
  "minecraft:story/mine_stone": {
    "criteria": {
      "get_stone": "2024-07-10 19:48:23 +0000"
    },
    "done": true
  },
  "quark:mine_toretoise": {
    "criteria": {
      "mine_toretoise": "2024-07-10 20:15:07 +0000"
    },
    "done": true
  },
  "legendary_monsters:end_root": {
    "criteria": {
      "custom_test_name": "2024-07-10 19:43:30 +0000"
    },
    "done": true
  },
  "farmersdelight:main/root": {
    "criteria": {
      "seeds": "2024-07-10 19:43:30 +0000"
    },
    "done": true
  },
  "create:root": {
    "criteria": {
      "0": "2024-07-10 19:43:30 +0000"
    },
    "done": true
  },
  "minecraft:story/upgrade_tools": {
    "criteria": {
      "stone_pickaxe": "2024-07-10 19:53:05 +0000"
    },
    "done": true
  },
  "alexsmobs:alexsmobs/root": {
    "criteria": {
      "useitem": "2024-07-10 19:47:18 +0000"
    },
    "done": true
  },
  "comforts:hammock_gray": {
    "criteria": {
      "has_the_recipe": "2024-07-10 19:43:30 +0000"
    },
    "done": true
  },
  "gnumus:vasebreaker": {
    "criteria": {
      "vasebreaker": "2024-07-10 20:28:43 +0000"
    },
    "done": true
  },
  "comforts:hammock_cyan": {
    "criteria": {
      "has_the_recipe": "2024-07-10 19:43:30 +0000"
    },
    "done": true
  },
  "comforts:sleeping_bag_purple": {
    "criteria": {
      "has_the_recipe": "2024-07-10 19:43:30 +0000"
    },
    "done": true
  },
  "comforts:sleeping_bag_green": {
    "criteria": {
      "has_the_recipe": "2024-07-10 19:43:30 +0000"
    },
    "done": true
  },
  "comforts:hammock_light_blue": {
    "criteria": {
      "has_the_recipe": "2024-07-10 19:43:30 +0000"
    },
    "done": true
  },
  "immersive_aircraft:misc/aircraftery": {
    "criteria": {
      "has_item": "2024-07-10 20:00:59 +0000"
    },
    "done": true
  },
  "farmersdelight:main/place_campfire": {
    "criteria": {
      "campfire": "2024-07-10 20:43:18 +0000"
    },
    "done": true
  },
  "comforts:sleeping_bag_magenta": {
    "criteria": {
      "has_the_recipe": "2024-07-10 19:43:30 +0000"
    },
    "done": true
  },
  "minecraft:story/smelt_iron": {
    "criteria": {
      "iron": "2024-07-10 20:00:59 +0000"
    },
    "done": true
  },
  "comforts:hammock_green": {
    "criteria": {
      "has_the_recipe": "2024-07-10 19:43:30 +0000"
    },
    "done": true
  },
  "comforts:sleeping_bag_black": {
    "criteria": {
      "has_the_recipe": "2024-07-10 19:43:30 +0000"
    },
    "done": true
  },
  "comforts:hammock_lime": {
    "criteria": {
      "has_the_recipe": "2024-07-10 19:43:30 +0000"
    },
    "done": true
  },
  "comforts:sleeping_bag_red": {
    "criteria": {
      "has_the_recipe": "2024-07-10 19:43:30 +0000"
    },
    "done": true
  },
  "minecraft:adventure/sleep_in_bed": {
    "criteria": {
      "slept_in_bed": "2024-07-10 20:35:19 +0000"
    },
    "done": true
  },
  "comforts:sleeping_bag_orange": {
    "criteria": {
      "has_the_recipe": "2024-07-10 19:43:30 +0000"
    },
    "done": true
  },
  "minecraft:adventure/root": {
    "criteria": {
      "killed_something": "2024-07-10 20:12:23 +0000"
    },
    "done": true
  },
  "comforts:hammock_blue": {
    "criteria": {
      "has_the_recipe": "2024-07-10 19:43:30 +0000"
    },
    "done": true
  },
  "comforts:hammock_white": {
    "criteria": {
      "has_the_recipe": "2024-07-10 19:43:30 +0000"
    },
    "done": true
  },
  "mowziesmobs:root": {
    "criteria": {
      "custom_test_name": "2024-07-10 19:43:30 +0000"
    },
    "done": true
  },
  "comforts:hammock_light_gray": {
    "criteria": {
      "has_the_recipe": "2024-07-10 19:43:30 +0000"
    },
    "done": true
  },
  "comforts:sleeping_bag_brown": {
    "criteria": {
      "has_the_recipe": "2024-07-10 19:43:30 +0000"
    },
    "done": true
  },
  "minecraft:adventure/kill_a_mob": {
    "criteria": {
      "minecraft:blaze": "2024-07-10 20:12:23 +0000",
      "minecraft:pillager": "2024-07-10 20:12:23 +0000",
      "minecraft:skeleton": "2024-07-10 20:12:23 +0000",
      "minecraft:elder_guardian": "2024-07-10 20:12:23 +0000",
      "minecraft:zoglin": "2024-07-10 20:12:23 +0000",
      "minecraft:ravager": "2024-07-10 20:12:23 +0000",
      "minecraft:ghast": "2024-07-10 20:12:23 +0000",
      "minecraft:hoglin": "2024-07-10 20:12:23 +0000",
      "minecraft:guardian": "2024-07-10 20:12:23 +0000",
      "minecraft:vindicator": "2024-07-10 20:12:23 +0000",
      "minecraft:magma_cube": "2024-07-10 20:12:23 +0000",
      "minecraft:piglin_brute": "2024-07-10 20:12:23 +0000",
      "minecraft:spider": "2024-07-10 20:12:23 +0000",
      "minecraft:creeper": "2024-07-10 20:12:23 +0000",
      "minecraft:wither": "2024-07-10 20:12:23 +0000",
      "minecraft:evoker": "2024-07-10 20:12:23 +0000",
      "minecraft:slime": "2024-07-10 20:12:23 +0000",
      "quark:forgotten": "2024-07-10 20:12:23 +0000",
      "minecraft:phantom": "2024-07-10 20:12:23 +0000",
      "minecraft:zombified_piglin": "2024-07-10 20:12:23 +0000",
      "minecraft:witch": "2024-07-10 20:12:23 +0000",
      "minecraft:wither_skeleton": "2024-07-10 20:12:23 +0000",
      "minecraft:husk": "2024-07-10 20:12:23 +0000",
      "minecraft:ender_dragon": "2024-07-10 20:12:23 +0000",
      "minecraft:shulker": "2024-07-10 20:12:23 +0000",
      "minecraft:cave_spider": "2024-07-10 20:12:23 +0000",
      "quark:wraith": "2024-07-10 20:12:23 +0000",
      "minecraft:piglin": "2024-07-10 20:12:23 +0000",
      "minecraft:enderman": "2024-07-10 20:12:23 +0000",
      "minecraft:silverfish": "2024-07-10 20:12:23 +0000",
      "minecraft:stray": "2024-07-10 20:12:23 +0000",
      "minecraft:endermite": "2024-07-10 20:12:23 +0000",
      "minecraft:vex": "2024-07-10 20:12:23 +0000",
      "minecraft:zombie": "2024-07-10 20:12:23 +0000",
      "quark:foxhound": "2024-07-10 20:12:23 +0000",
      "minecraft:drowned": "2024-07-10 20:12:23 +0000",
      "minecraft:zombie_villager": "2024-07-10 20:12:23 +0000"
    },
    "done": true
  },
  "minecraft:adventure/adventuring_time": {
    "criteria": {
      "minecraft:bamboo_jungle": "2024-07-10 20:33:39 +0000",
      "minecraft:beach": "2024-07-10 21:09:29 +0000",
      "minecraft:sparse_jungle": "2024-07-10 20:32:36 +0000",
      "minecraft:lukewarm_ocean": "2024-07-10 20:36:52 +0000",
      "minecraft:river": "2024-07-10 19:46:15 +0000",
      "minecraft:forest": "2024-07-10 19:46:18 +0000",
      "minecraft:old_growth_birch_forest": "2024-07-10 20:13:03 +0000",
      "minecraft:plains": "2024-07-10 20:27:47 +0000"
    },
    "done": false
  },
  "comforts:hammock_pink": {
    "criteria": {
      "has_the_recipe": "2024-07-10 19:43:30 +0000"
    },
    "done": true
  },
  "comforts:hammock_brown": {
    "criteria": {
      "has_the_recipe": "2024-07-10 19:43:30 +0000"
    },
    "done": true
  },
  "comforts:sleeping_bag_lime": {
    "criteria": {
      "has_the_recipe": "2024-07-10 19:43:30 +0000"
    },
    "done": true
  },
  "realmrpg_quests:root": {
    "criteria": {
      "root_0": "2024-07-10 19:43:30 +0000"
    },
    "done": true
  },
  "comforts:hammock_yellow": {
    "criteria": {
      "has_the_recipe": "2024-07-10 19:43:30 +0000"
    },
    "done": true
  },
  "legendary_monsters:legendary_monsters_root": {
    "criteria": {
      "custom_test_name": "2024-07-10 19:43:30 +0000"
    },
    "done": true
  },
  "parcool:grant_parcool_guide": {
    "criteria": {
      "tick": "2024-07-10 19:43:30 +0000"
    },
    "done": true
  },
  "comforts:sleeping_bag_blue": {
    "criteria": {
      "has_the_recipe": "2024-07-10 19:43:30 +0000"
    },
    "done": true
  },
  "minecraft:husbandry/root": {
    "criteria": {
      "consumed_item": "2024-07-10 19:47:18 +0000"
    },
    "done": true
  },
  "born_in_chaos_v1:bornin_chaos": {
    "criteria": {
      "bornin_chaos_0": "2024-07-10 19:43:30 +0000"
    },
    "done": true
  },
  "legendary_monsters:nether_root": {
    "criteria": {
      "custom_test_name": "2024-07-10 19:43:30 +0000"
    },
    "done": true
  },
  "cataclysm:root": {
    "criteria": {
      "custom_test_name": "2024-07-10 19:43:30 +0000"
    },
    "done": true
  },
  "comforts:sleeping_bag_yellow": {
    "criteria": {
      "has_the_recipe": "2024-07-10 19:43:30 +0000"
    },
    "done": true
  },
  "minecraft:story/root": {
    "criteria": {
      "crafting_table": "2024-07-10 19:46:47 +0000"
    },
    "done": true
  },
  "comforts:hammock_orange": {
    "criteria": {
      "has_the_recipe": "2024-07-10 19:43:30 +0000"
    },
    "done": true
  },
  "DataVersion": 3465
}