{
  "comforts:sleeping_bag_light_blue": {
    "criteria": {
      "has_the_recipe": "2025-01-19 01:42:20 +0000"
    },
    "done": true
  },
  "comforts:sleeping_bag_black": {
    "criteria": {
      "has_the_recipe": "2025-01-19 01:42:20 +0000"
    },
    "done": true
  },
  "comforts:hammock_purple": {
    "criteria": {
      "has_the_recipe": "2025-01-19 01:42:20 +0000"
    },
    "done": true
  },
  "comforts:hammock_lime": {
    "criteria": {
      "has_the_recipe": "2025-01-19 01:42:20 +0000"
    },
    "done": true
  },
  "comforts:sleeping_bag_pink": {
    "criteria": {
      "has_the_recipe": "2025-01-19 01:42:20 +0000"
    },
    "done": true
  },
  "comforts:hammock_magenta": {
    "criteria": {
      "has_the_recipe": "2025-01-19 01:42:20 +0000"
    },
    "done": true
  },
  "comforts:sleeping_bag_red": {
    "criteria": {
      "has_the_recipe": "2025-01-19 01:42:20 +0000"
    },
    "done": true
  },
  "comforts:sleeping_bag_orange": {
    "criteria": {
      "has_the_recipe": "2025-01-19 01:42:20 +0000"
    },
    "done": true
  },
  "comforts:hammock_red": {
    "criteria": {
      "has_the_recipe": "2025-01-19 01:42:20 +0000"
    },
    "done": true
  },
  "comforts:hammock_blue": {
    "criteria": {
      "has_the_recipe": "2025-01-19 01:42:20 +0000"
    },
    "done": true
  },
  "comforts:hammock_white": {
    "criteria": {
      "has_the_recipe": "2025-01-19 01:42:20 +0000"
    },
    "done": true
  },
  "comforts:hammock_light_gray": {
    "criteria": {
      "has_the_recipe": "2025-01-19 01:42:20 +0000"
    },
    "done": true
  },
  "comforts:sleeping_bag_white": {
    "criteria": {
      "has_the_recipe": "2025-01-19 01:42:20 +0000"
    },
    "done": true
  },
  "comforts:sleeping_bag_brown": {
    "criteria": {
      "has_the_recipe": "2025-01-19 01:42:20 +0000"
    },
    "done": true
  },
  "comforts:sleeping_bag_gray": {
    "criteria": {
      "has_the_recipe": "2025-01-19 01:42:20 +0000"
    },
    "done": true
  },
  "comforts:rope_and_nail": {
    "criteria": {
      "has_the_recipe": "2025-01-19 01:42:20 +0000"
    },
    "done": true
  },
  "pointblank:recipes/misc/printer": {
    "criteria": {
      "has_recipe": "2025-01-19 01:42:20 +0000"
    },
    "done": true
  },
  "comforts:sleeping_bag_cyan": {
    "criteria": {
      "has_the_recipe": "2025-01-19 01:42:20 +0000"
    },
    "done": true
  },
  "comforts:hammock_pink": {
    "criteria": {
      "has_the_recipe": "2025-01-19 01:42:20 +0000"
    },
    "done": true
  },
  "comforts:hammock_brown": {
    "criteria": {
      "has_the_recipe": "2025-01-19 01:42:20 +0000"
    },
    "done": true
  },
  "comforts:sleeping_bag_light_gray": {
    "criteria": {
      "has_the_recipe": "2025-01-19 01:42:20 +0000"
    },
    "done": true
  },
  "comforts:hammock_black": {
    "criteria": {
      "has_the_recipe": "2025-01-19 01:42:20 +0000"
    },
    "done": true
  },
  "comforts:sleeping_bag_lime": {
    "criteria": {
      "has_the_recipe": "2025-01-19 01:42:20 +0000"
    },
    "done": true
  },
  "comforts:hammock_yellow": {
    "criteria": {
      "has_the_recipe": "2025-01-19 01:42:20 +0000"
    },
    "done": true
  },
  "comforts:sleeping_bag_blue": {
    "criteria": {
      "has_the_recipe": "2025-01-19 01:42:20 +0000"
    },
    "done": true
  },
  "ars_nouveau:root": {
    "criteria": {
      "ars_nouveau:worn_notebook": "2025-01-19 01:42:20 +0000"
    },
    "done": true
  },
  "create:root": {
    "criteria": {
      "0": "2025-01-19 01:42:20 +0000"
    },
    "done": true
  },
  "comforts:hammock_gray": {
    "criteria": {
      "has_the_recipe": "2025-01-19 01:42:20 +0000"
    },
    "done": true
  },
  "comforts:hammock_cyan": {
    "criteria": {
      "has_the_recipe": "2025-01-19 01:42:20 +0000"
    },
    "done": true
  },
  "comforts:sleeping_bag_purple": {
    "criteria": {
      "has_the_recipe": "2025-01-19 01:42:20 +0000"
    },
    "done": true
  },
  "comforts:sleeping_bag_yellow": {
    "criteria": {
      "has_the_recipe": "2025-01-19 01:42:20 +0000"
    },
    "done": true
  },
  "comforts:sleeping_bag_green": {
    "criteria": {
      "has_the_recipe": "2025-01-19 01:42:20 +0000"
    },
    "done": true
  },
  "comforts:hammock_light_blue": {
    "criteria": {
      "has_the_recipe": "2025-01-19 01:42:20 +0000"
    },
    "done": true
  },
  "comforts:hammock_orange": {
    "criteria": {
      "has_the_recipe": "2025-01-19 01:42:20 +0000"
    },
    "done": true
  },
  "comforts:sleeping_bag_magenta": {
    "criteria": {
      "has_the_recipe": "2025-01-19 01:42:20 +0000"
    },
    "done": true
  },
  "comforts:hammock_green": {
    "criteria": {
      "has_the_recipe": "2025-01-19 01:42:20 +0000"
    },
    "done": true
  },
  "mowziesmobs:root": {
    "criteria": {
      "custom_test_name": "2025-01-19 01:42:23 +0000"
    },
    "done": true
  },
  "lootr:root": {
    "criteria": {
      "always_true": "2025-01-19 01:42:23 +0000"
    },
    "done": true
  },
  "minecraft:adventure/adventuring_time": {
    "criteria": {
      "minecraft:taiga": "2025-01-20 01:00:25 +0000",
      "minecraft:frozen_river": "2025-01-20 00:59:36 +0000",
      "minecraft:birch_forest": "2025-01-19 01:42:25 +0000",
      "minecraft:beach": "2025-01-19 01:44:54 +0000",
      "minecraft:dark_forest": "2025-01-19 01:43:19 +0000",
      "minecraft:river": "2025-01-19 01:46:13 +0000",
      "minecraft:snowy_plains": "2025-01-19 03:24:51 +0000",
      "minecraft:snowy_taiga": "2025-01-20 00:59:25 +0000",
      "minecraft:cold_ocean": "2025-01-20 00:09:13 +0000",
      "minecraft:forest": "2025-01-19 01:52:35 +0000",
      "minecraft:old_growth_birch_forest": "2025-01-19 01:46:23 +0000",
      "minecraft:meadow": "2025-01-20 00:50:44 +0000",
      "minecraft:plains": "2025-01-19 02:59:14 +0000"
    },
    "done": false
  },
  "minecraft:husbandry/root": {
    "criteria": {
      "consumed_item": "2025-01-19 01:42:26 +0000"
    },
    "done": true
  },
  "alexsmobs:alexsmobs/root": {
    "criteria": {
      "useitem": "2025-01-19 01:42:26 +0000"
    },
    "done": true
  },
  "supplementaries:adventure/way_sign": {
    "criteria": {
      "bastion": "2025-01-19 01:45:43 +0000"
    },
    "done": true
  },
  "minecraft:story/root": {
    "criteria": {
      "crafting_table": "2025-01-19 01:46:33 +0000"
    },
    "done": true
  },
  "minecraft:adventure/root": {
    "criteria": {
      "killed_by_something": "2025-01-19 01:47:12 +0000"
    },
    "done": true
  },
  "minecraft:story/mine_stone": {
    "criteria": {
      "get_stone": "2025-01-19 01:49:25 +0000"
    },
    "done": true
  },
  "minecraft:story/upgrade_tools": {
    "criteria": {
      "stone_pickaxe": "2025-01-19 01:49:48 +0000"
    },
    "done": true
  },
  "alexsmobs:alexsmobs/seagull_steal": {
    "criteria": {
      "ex": "2025-01-19 01:50:25 +0000"
    },
    "done": true
  },
  "minecraft:adventure/kill_a_mob": {
    "criteria": {
      "minecraft:blaze": "2025-01-19 02:29:18 +0000",
      "minecraft:pillager": "2025-01-19 02:29:18 +0000",
      "minecraft:skeleton": "2025-01-19 02:29:18 +0000",
      "minecraft:elder_guardian": "2025-01-19 02:29:18 +0000",
      "minecraft:zoglin": "2025-01-19 02:29:18 +0000",
      "minecraft:ravager": "2025-01-19 02:29:18 +0000",
      "minecraft:ghast": "2025-01-19 02:29:18 +0000",
      "minecraft:hoglin": "2025-01-19 02:29:18 +0000",
      "minecraft:guardian": "2025-01-19 02:29:18 +0000",
      "minecraft:vindicator": "2025-01-19 02:29:18 +0000",
      "minecraft:magma_cube": "2025-01-19 02:29:18 +0000",
      "minecraft:piglin_brute": "2025-01-19 02:29:18 +0000",
      "minecraft:spider": "2025-01-19 02:29:18 +0000",
      "minecraft:creeper": "2025-01-19 02:29:18 +0000",
      "minecraft:wither": "2025-01-19 02:29:18 +0000",
      "minecraft:evoker": "2025-01-19 02:29:18 +0000",
      "minecraft:slime": "2025-01-19 02:29:18 +0000",
      "quark:forgotten": "2025-01-19 02:29:18 +0000",
      "minecraft:phantom": "2025-01-19 02:29:18 +0000",
      "minecraft:zombified_piglin": "2025-01-19 02:29:18 +0000",
      "minecraft:witch": "2025-01-19 02:29:18 +0000",
      "minecraft:wither_skeleton": "2025-01-19 02:29:18 +0000",
      "minecraft:husk": "2025-01-19 02:29:18 +0000",
      "minecraft:ender_dragon": "2025-01-19 02:29:18 +0000",
      "minecraft:shulker": "2025-01-19 02:29:18 +0000",
      "minecraft:cave_spider": "2025-01-19 02:29:18 +0000",
      "quark:wraith": "2025-01-19 02:29:18 +0000",
      "minecraft:piglin": "2025-01-19 02:29:18 +0000",
      "minecraft:enderman": "2025-01-19 02:29:18 +0000",
      "minecraft:silverfish": "2025-01-19 02:29:18 +0000",
      "minecraft:stray": "2025-01-19 02:29:18 +0000",
      "minecraft:endermite": "2025-01-19 02:29:18 +0000",
      "minecraft:vex": "2025-01-19 02:29:18 +0000",
      "minecraft:zombie": "2025-01-19 02:29:18 +0000",
      "quark:foxhound": "2025-01-19 02:29:18 +0000",
      "minecraft:drowned": "2025-01-19 02:29:18 +0000",
      "minecraft:zombie_villager": "2025-01-19 02:29:18 +0000"
    },
    "done": true
  },
  "infectious:infectious_advancement": {
    "criteria": {
      "infectious_advancement": "2025-01-19 02:29:18 +0000"
    },
    "done": true
  },
  "immersive_aircraft:misc/aircraftery": {
    "criteria": {
      "has_item": "2025-01-19 02:54:37 +0000"
    },
    "done": true
  },
  "minecraft:story/smelt_iron": {
    "criteria": {
      "iron": "2025-01-19 02:54:37 +0000"
    },
    "done": true
  },
  "minecraft:story/obtain_armor": {
    "criteria": {
      "iron_chestplate": "2025-01-19 02:55:13 +0000"
    },
    "done": true
  },
  "minecraft:husbandry/balanced_diet": {
    "criteria": {
      "cooked_porkchop": "2025-01-20 00:55:11 +0000",
      "cooked_mutton": "2025-01-19 03:09:04 +0000",
      "cooked_beef": "2025-01-19 03:17:48 +0000",
      "baked_potato": "2025-01-19 03:05:41 +0000",
      "apple": "2025-01-19 03:28:40 +0000",
      "golden_apple": "2025-01-19 03:17:44 +0000",
      "bread": "2025-01-20 01:34:16 +0000",
      "cooked_chicken": "2025-01-19 02:56:39 +0000"
    },
    "done": false
  },
  "lootr:1chest": {
    "criteria": {
      "opened_chest": "2025-01-19 03:07:19 +0000"
    },
    "done": true
  },
  "lootr:social": {
    "criteria": {
      "opened_chest": "2025-01-19 03:07:19 +0000"
    },
    "done": false
  },
  "lootr:10loot": {
    "criteria": {
      "loot_stat": "2025-01-19 03:09:42 +0000"
    },
    "done": true
  },
  "minecraft:story/iron_tools": {
    "criteria": {
      "iron_pickaxe": "2025-01-19 03:12:21 +0000"
    },
    "done": true
  },
  "lootr:25loot": {
    "criteria": {
      "loot_stat": "2025-01-19 03:17:13 +0000"
    },
    "done": true
  },
  "minecraft:story/deflect_arrow": {
    "criteria": {
      "deflected_projectile": "2025-01-19 03:17:28 +0000"
    },
    "done": true
  },
  "minecraft:adventure/kill_all_mobs": {
    "criteria": {
      "minecraft:skeleton": "2025-01-19 03:18:56 +0000",
      "minecraft:spider": "2025-01-20 00:14:58 +0000",
      "minecraft:creeper": "2025-01-20 00:14:55 +0000",
      "minecraft:silverfish": "2025-01-20 00:20:45 +0000",
      "minecraft:enderman": "2025-01-20 01:23:39 +0000",
      "minecraft:zombie": "2025-01-19 03:26:05 +0000",
      "minecraft:zombie_villager": "2025-01-20 01:34:28 +0000"
    },
    "done": false
  },
  "infectious:back_in_my_days": {
    "criteria": {
      "back_in_my_days": "2025-01-19 23:23:27 +0000"
    },
    "done": true
  },
  "minecraft:adventure/shoot_arrow": {
    "criteria": {
      "shot_arrow": "2025-01-19 23:54:51 +0000"
    },
    "done": true
  },
  "infectious:i_dont_feel_so_good": {
    "criteria": {
      "i_dont_feel_so_good": "2025-01-19 23:54:58 +0000"
    },
    "done": true
  },
  "create:copper": {
    "criteria": {
      "0": "2025-01-19 23:55:01 +0000"
    },
    "done": true
  },
  "infectious:chemical_reaction": {
    "criteria": {
      "chemical_reaction": "2025-01-19 23:55:39 +0000"
    },
    "done": true
  },
  "infectious:back_to_the_surface": {
    "criteria": {
      "back_to_the_surface": "2025-01-19 23:56:09 +0000"
    },
    "done": true
  },
  "minecraft:story/mine_diamond": {
    "criteria": {
      "diamond": "2025-01-20 00:12:15 +0000"
    },
    "done": true
  },
  "infectious:big_brother": {
    "criteria": {
      "big_brother": "2025-01-20 00:16:20 +0000"
    },
    "done": true
  },
  "infectious:why_so_serious": {
    "criteria": {
      "why_so_serious": "2025-01-20 00:27:21 +0000"
    },
    "done": true
  },
  "minecraft:adventure/sleep_in_bed": {
    "criteria": {
      "slept_in_bed": "2025-01-20 00:41:41 +0000"
    },
    "done": true
  },
  "DataVersion": 3465
}